{
  "benchmark": {
    "n_matches": 42227,
    "pin_close_margin": 0.03243077572881248,
    "brier_shin": 0.5944185668933583,
    "brier_mult": 0.5945629597437562,
    "n_value": 236,
    "value_per_100": 0.5588841262699221,
    "mean_ev": 0.05203472807671707,
    "draw_share": 0.05508474576271186,
    "roi_flat": -0.1063135593220339,
    "b365_n_value": 2023,
    "b365_value_per_100": 4.791114058355437,
    "b365_roi": 0.036940187839841813
  },
  "benchmark_avgc_rate": 0.5588841262699221,
  "leagues": [
    {
      "n_matches": 1234,
      "pin_close_margin": 0.032400170731745725,
      "brier_shin": 0.5944524395985991,
      "brier_mult": 0.5940326307321738,
      "n_value": 15,
      "value_per_100": 1.2155591572123177,
      "mean_ev": 0.07260106647562638,
      "draw_share": 0.0,
      "roi_flat": 0.04933333333333332,
      "b365_n_value": 13,
      "b365_value_per_100": 24.528301886792452,
      "b365_roi": 0.18076923076923074,
      "country": "AUT",
      "pass": false
    },
    {
      "n_matches": 1283,
      "pin_close_margin": 0.03381117315614457,
      "brier_shin": 0.6008350455840435,
      "brier_mult": 0.6010789113932203,
      "n_value": 8,
      "value_per_100": 0.6235385814497272,
      "mean_ev": 0.03451297393410582,
      "draw_share": 0.125,
      "roi_flat": -0.23875000000000005,
      "b365_n_value": 9,
      "b365_value_per_100": 16.666666666666668,
      "b365_roi": -0.3433333333333333,
      "country": "DNK",
      "pass": false
    },
    {
      "n_matches": 1242,
      "pin_close_margin": 0.03596446016265864,
      "brier_shin": 0.6171628088122261,
      "brier_mult": 0.6169405599719936,
      "n_value": 9,
      "value_per_100": 0.7246376811594203,
      "mean_ev": 0.05718235807791489,
      "draw_share": 0.1111111111111111,
      "roi_flat": 0.6511111111111112,
      "b365_n_value": 4,
      "b365_value_per_100": 9.75609756097561,
      "b365_roi": 1.05,
      "country": "SWZ",
      "pass": false
    },
    {
      "n_matches": 1872,
      "pin_close_margin": 0.03457707137466237,
      "brier_shin": 0.6186764694192712,
      "brier_mult": 0.6186889223434265,
      "n_value": 10,
      "value_per_100": 0.5341880341880342,
      "mean_ev": 0.05619504676479348,
      "draw_share": 0.0,
      "roi_flat": 0.075,
      "b365_n_value": 10,
      "b365_value_per_100": 12.5,
      "b365_roi": 0.8379999999999999,
      "country": "POL",
      "pass": false
    },
    {
      "n_matches": 3115,
      "pin_close_margin": 0.03497409480457225,
      "brier_shin": 0.6342365911748644,
      "brier_mult": 0.6339657613902883,
      "n_value": 22,
      "value_per_100": 0.7062600321027287,
      "mean_ev": 0.05114843886860219,
      "draw_share": 0.13636363636363635,
      "roi_flat": 0.5,
      "b365_n_value": 41,
      "b365_value_per_100": 27.333333333333332,
      "b365_roi": 0.5339024390243902,
      "country": "ARG",
      "pass": false
    },
    {
      "n_matches": 2106,
      "pin_close_margin": 0.03123509355686427,
      "brier_shin": 0.6027857957121757,
      "brier_mult": 0.6030038486385082,
      "n_value": 17,
      "value_per_100": 0.8072174738841406,
      "mean_ev": 0.05683541084789162,
      "draw_share": 0.11764705882352941,
      "roi_flat": -0.057647058823529385,
      "b365_n_value": 26,
      "b365_value_per_100": 26.0,
      "b365_roi": -0.5353846153846155,
      "country": "MEX",
      "pass": false
    },
    {
      "n_matches": 1461,
      "pin_close_margin": 0.04654045835999687,
      "brier_shin": 0.5277332814560509,
      "brier_mult": 0.5287891062426516,
      "n_value": 45,
      "value_per_100": 3.080082135523614,
      "mean_ev": 0.07526784662895696,
      "draw_share": 0.24444444444444444,
      "roi_flat": 0.26799999999999996,
      "b365_n_value": 31,
      "b365_value_per_100": 48.4375,
      "b365_roi": -0.23774193548387096,
      "country": "CHN",
      "pass": false
    },
    {
      "n_matches": 1570,
      "pin_close_margin": 0.032938549050424815,
      "brier_shin": 0.5864487971062694,
      "brier_mult": 0.5866778986063629,
      "n_value": 15,
      "value_per_100": 0.9554140127388535,
      "mean_ev": 0.06239797642653366,
      "draw_share": 0.0,
      "roi_flat": 0.0066666666666666576,
      "b365_n_value": 15,
      "b365_value_per_100": 20.833333333333332,
      "b365_roi": 0.7246666666666667,
      "country": "SWE",
      "pass": false
    },
    {
      "n_matches": 1554,
      "pin_close_margin": 0.03353305988058586,
      "brier_shin": 0.5821261593739145,
      "brier_mult": 0.5822958816882594,
      "n_value": 10,
      "value_per_100": 0.6435006435006435,
      "mean_ev": 0.07244177879334184,
      "draw_share": 0.1,
      "roi_flat": -0.62,
      "b365_n_value": 16,
      "b365_value_per_100": 23.880597014925375,
      "b365_roi": -0.880625,
      "country": "NOR",
      "pass": false
    },
    {
      "n_matches": 1063,
      "pin_close_margin": 0.032737379126608124,
      "brier_shin": 0.5797060953733552,
      "brier_mult": 0.5801887486121571,
      "n_value": 1,
      "value_per_100": 0.09407337723424271,
      "mean_ev": 0.05548314693806522,
      "draw_share": 0.0,
      "roi_flat": -1.0,
      "b365_n_value": 4,
      "b365_value_per_100": 7.407407407407407,
      "b365_roi": -0.09999999999999998,
      "country": "FIN",
      "pass": false
    },
    {
      "n_matches": 3062,
      "pin_close_margin": 0.031841530828292,
      "brier_shin": 0.6147067184077385,
      "brier_mult": 0.6146058684365093,
      "n_value": 23,
      "value_per_100": 0.7511430437622469,
      "mean_ev": 0.05636931873592622,
      "draw_share": 0.0,
      "roi_flat": -0.2773913043478261,
      "b365_n_value": 32,
      "b365_value_per_100": 21.768707482993197,
      "b365_roi": -0.3621875,
      "country": "USA",
      "pass": false
    },
    {
      "n_matches": 2527,
      "pin_close_margin": 0.03422768444771673,
      "brier_shin": 0.6004063043160931,
      "brier_mult": 0.600466380471839,
      "n_value": 17,
      "value_per_100": 0.6727344677483181,
      "mean_ev": 0.06858100551622323,
      "draw_share": 0.11764705882352941,
      "roi_flat": 0.2988235294117647,
      "b365_n_value": 29,
      "b365_value_per_100": 18.354430379746834,
      "b365_roi": -0.05689655172413791,
      "country": "BRA",
      "pass": false
    },
    {
      "n_matches": 2209,
      "pin_close_margin": 0.03206421306549667,
      "brier_shin": 0.621019218096541,
      "brier_mult": 0.6211448664792091,
      "n_value": 16,
      "value_per_100": 0.724309642372114,
      "mean_ev": 0.06851289529237861,
      "draw_share": 0.0,
      "roi_flat": 0.14875000000000002,
      "country": "JPN",
      "pass": false
    },
    {
      "n_matches": 1066,
      "pin_close_margin": 0.03618528378084196,
      "brier_shin": 0.590915865294482,
      "brier_mult": 0.5906657845355037,
      "n_value": 8,
      "value_per_100": 0.7504690431519699,
      "mean_ev": 0.055519586328429904,
      "draw_share": 0.125,
      "roi_flat": 0.6637500000000001,
      "b365_n_value": 3,
      "b365_value_per_100": 7.6923076923076925,
      "b365_roi": 0.36666666666666653,
      "country": "IRL",
      "pass": false
    }
  ],
  "pooled_roi": {
    "roi": 0.12412037037037037,
    "ci_low": -0.10620370370370368,
    "ci_high": 0.372181712962963,
    "n": 216
  },
  "pooled_sanity_pass": true,
  "passing": []
}