{
  "cost_2leg": 0.0006,
  "n_minutes": 1548962,
  "lead_lag": {
    "contemporaneous": 0.9013237080271135,
    "es_leads_nq": {
      "0": 0.9013237080271135,
      "1": 0.0013520116295428534,
      "2": -0.0044176525795468075,
      "3": -0.0038072432815191857,
      "4": -0.0008449157742097537,
      "5": -0.0010876583010739022
    },
    "nq_leads_es": {
      "0": 0.9013237080271134,
      "1": -0.0014017472342464884,
      "2": -0.007036596484464209,
      "3": -0.006003836290753564,
      "4": -0.0008508550724581603,
      "5": -0.0003078281444152107
    }
  },
  "reversion": {
    "beta": 1.0779923563688836,
    "spread_autocorr1": -0.10709201748575012,
    "grid": {
      "k1.5_H3": {
        "n": 404630,
        "gross_bps": 0.27660390642432714,
        "net_bps": -5.723396093575673,
        "win": 0.5538318958060451
      },
      "k1.5_H5": {
        "n": 401745,
        "gross_bps": 0.2853420499113989,
        "net_bps": -5.714657950088601,
        "win": 0.5475687314092272
      },
      "k1.5_H15": {
        "n": 388666,
        "gross_bps": 0.2523397591733308,
        "net_bps": -5.747660240826669,
        "win": 0.5303319559724802
      },
      "k2.0_H3": {
        "n": 152993,
        "gross_bps": 0.3843921593250003,
        "net_bps": -5.615607840675,
        "win": 0.571562097612309
      },
      "k2.0_H5": {
        "n": 151616,
        "gross_bps": 0.40378101536834266,
        "net_bps": -5.596218984631657,
        "win": 0.5630672224567328
      },
      "k2.0_H15": {
        "n": 145757,
        "gross_bps": 0.38174572606085794,
        "net_bps": -5.618254273939142,
        "win": 0.5416618069801107
      },
      "k2.5_H3": {
        "n": 40504,
        "gross_bps": 0.4811877981646482,
        "net_bps": -5.518812201835351,
        "win": 0.5861890183685562
      },
      "k2.5_H5": {
        "n": 40002,
        "gross_bps": 0.5154938222768933,
        "net_bps": -5.484506177723106,
        "win": 0.5779711014449278
      },
      "k2.5_H15": {
        "n": 38016,
        "gross_bps": 0.5158021129188324,
        "net_bps": -5.484197887081167,
        "win": 0.5535563973063973
      }
    }
  },
  "best": {
    "k": 2.5,
    "H": 15,
    "gross_bps": 0.5158021129188324,
    "win": 0.5535563973063973,
    "breakeven_rt_bps": 0.5158021129188324,
    "breakeven_per_side_per_leg_bps": 0.1289505282297081
  }
}