{
  "sleeves": {
    "benzin_kw9": {
      "full_sharpe": 0.8410489988775143,
      "active_sharpe": 6.997408209873403,
      "cagr_pct": 12.086964791994426,
      "maxdd_pct": -13.318946114898832,
      "pct_active": 2.4437754559943334,
      "trades_per_yr": 1.0,
      "exp_per_trade_pct": 12.11407047761457,
      "n_trades": 23
    },
    "mastrind_kw21": {
      "full_sharpe": 0.4286849962876775,
      "active_sharpe": 5.303020939496425,
      "cagr_pct": 4.322804064032271,
      "maxdd_pct": -6.019089305007064,
      "pct_active": 2.3970170454545454,
      "trades_per_yr": 1.0,
      "exp_per_trade_pct": 4.282906891765567,
      "n_trades": 23
    },
    "platin_yearend": {
      "full_sharpe": 0.4041596731701641,
      "active_sharpe": 2.5269237019001793,
      "cagr_pct": 5.128860714506822,
      "maxdd_pct": -17.554806489587783,
      "pct_active": 6.5792089047903,
      "trades_per_yr": 1.0,
      "exp_per_trade_pct": 4.5444796543255634,
      "n_trades": 23
    },
    "baumwolle": {
      "full_sharpe": 0.4164302993013152,
      "active_sharpe": 1.9859655197978299,
      "cagr_pct": 5.53200548278483,
      "maxdd_pct": -15.89829006543414,
      "pct_active": 10.264137564261656,
      "trades_per_yr": 1.0,
      "exp_per_trade_pct": 5.8912886775781885,
      "n_trades": 22
    },
    "mais_dez": {
      "full_sharpe": 0.49368065451577064,
      "active_sharpe": 5.210091203094131,
      "cagr_pct": 4.338480458727889,
      "maxdd_pct": -5.16896713456978,
      "pct_active": 3.310906515580737,
      "trades_per_yr": 1.0,
      "exp_per_trade_pct": 4.535349534848048,
      "n_trades": 22
    },
    "turn_of_month": {
      "full_sharpe": 0.11371328401121339,
      "active_sharpe": 0.7246166014175277,
      "cagr_pct": 2.609043919443277,
      "maxdd_pct": -29.358422938644136,
      "pct_active": 23.88879050823446,
      "trades_per_yr": 12.0,
      "exp_per_trade_pct": 0.23904522049132032,
      "n_trades": 270
    },
    "eom_treasury": {
      "full_sharpe": -0.09635142844241885,
      "active_sharpe": 0.8508969701814548,
      "cagr_pct": 1.4219133272335371,
      "maxdd_pct": -10.962847664746555,
      "pct_active": 14.308482380024792,
      "trades_per_yr": 12.0,
      "exp_per_trade_pct": 0.1264160029951628,
      "n_trades": 270
    },
    "auction_short": {
      "full_sharpe": 0.09091149430275931,
      "active_sharpe": 0.7958994535494668,
      "cagr_pct": 2.3973416353855637,
      "maxdd_pct": -14.198898080725552,
      "pct_active": 22.790862404816718,
      "trades_per_yr": 9.6,
      "exp_per_trade_pct": 0.26574794151465375,
      "n_trades": 215
    },
    "vix_carry": {
      "full_sharpe": 0.3886620686068954,
      "active_sharpe": 0.6613109869780598,
      "cagr_pct": 4.998020508053824,
      "maxdd_pct": -13.050269207800724,
      "pct_active": 89.51301211028085,
      "trades_per_yr": 9.1,
      "exp_per_trade_pct": 4.500855951489755,
      "n_trades": 141
    },
    "pre_fomc": {
      "full_sharpe": -0.2571163958686587,
      "active_sharpe": 4.662487089158359,
      "cagr_pct": 1.4909081837350069,
      "maxdd_pct": -2.9673829203467283,
      "pct_active": 3.1521161678767484,
      "trades_per_yr": 7.9,
      "exp_per_trade_pct": 0.18851151276835723,
      "n_trades": 178
    },
    "usd_regime": {
      "full_sharpe": 0.5878846894776373,
      "active_sharpe": 1.085663278146799,
      "cagr_pct": 8.785735477299195,
      "maxdd_pct": -22.93180110847449,
      "pct_active": 47.79840848806366,
      "trades_per_yr": 8.0,
      "exp_per_trade_pct": 0.07615480114648907,
      "n_trades": 180
    },
    "wheat_rv": {
      "full_sharpe": 0.15663051760403926,
      "active_sharpe": 0.4508905485458559,
      "cagr_pct": 3.155622803611746,
      "maxdd_pct": -26.86965263260339,
      "pct_active": 55.51815766164747,
      "trades_per_yr": 1.5,
      "exp_per_trade_pct": 0.026520418484206873,
      "n_trades": 33
    }
  },
  "correlation": {
    "benzin_kw9": {
      "benzin_kw9": 1.0,
      "mastrind_kw21": -0.003,
      "platin_yearend": -0.002,
      "baumwolle": -0.003,
      "mais_dez": -0.004,
      "turn_of_month": 0.047,
      "eom_treasury": -0.069,
      "auction_short": -0.009,
      "vix_carry": 0.01,
      "pre_fomc": -0.003,
      "usd_regime": 0.063,
      "wheat_rv": -0.003
    },
    "mastrind_kw21": {
      "benzin_kw9": -0.003,
      "mastrind_kw21": 1.0,
      "platin_yearend": -0.002,
      "baumwolle": -0.002,
      "mais_dez": -0.003,
      "turn_of_month": -0.002,
      "eom_treasury": 0.003,
      "auction_short": -0.001,
      "vix_carry": 0.01,
      "pre_fomc": -0.002,
      "usd_regime": 0.017,
      "wheat_rv": 0.019
    },
    "platin_yearend": {
      "benzin_kw9": -0.002,
      "mastrind_kw21": -0.002,
      "platin_yearend": 1.0,
      "baumwolle": 0.03,
      "mais_dez": -0.011,
      "turn_of_month": 0.034,
      "eom_treasury": -0.003,
      "auction_short": -0.007,
      "vix_carry": 0.028,
      "pre_fomc": -0.002,
      "usd_regime": 0.047,
      "wheat_rv": 0.007
    },
    "baumwolle": {
      "benzin_kw9": -0.003,
      "mastrind_kw21": -0.002,
      "platin_yearend": 0.03,
      "baumwolle": 1.0,
      "mais_dez": 0.047,
      "turn_of_month": 0.027,
      "eom_treasury": -0.01,
      "auction_short": 0.012,
      "vix_carry": 0.039,
      "pre_fomc": 0.003,
      "usd_regime": 0.048,
      "wheat_rv": 0.003
    },
    "mais_dez": {
      "benzin_kw9": -0.004,
      "mastrind_kw21": -0.003,
      "platin_yearend": -0.011,
      "baumwolle": 0.047,
      "mais_dez": 1.0,
      "turn_of_month": -0.001,
      "eom_treasury": -0.001,
      "auction_short": 0.009,
      "vix_carry": -0.006,
      "pre_fomc": 0.11,
      "usd_regime": 0.003,
      "wheat_rv": 0.047
    },
    "turn_of_month": {
      "benzin_kw9": 0.047,
      "mastrind_kw21": -0.002,
      "platin_yearend": 0.034,
      "baumwolle": 0.027,
      "mais_dez": -0.001,
      "turn_of_month": 1.0,
      "eom_treasury": -0.202,
      "auction_short": 0.071,
      "vix_carry": 0.178,
      "pre_fomc": 0.025,
      "usd_regime": 0.143,
      "wheat_rv": 0.008
    },
    "eom_treasury": {
      "benzin_kw9": -0.069,
      "mastrind_kw21": 0.003,
      "platin_yearend": -0.003,
      "baumwolle": -0.01,
      "mais_dez": -0.001,
      "turn_of_month": -0.202,
      "eom_treasury": 1.0,
      "auction_short": -0.008,
      "vix_carry": -0.067,
      "pre_fomc": 0.002,
      "usd_regime": -0.04,
      "wheat_rv": -0.003
    },
    "auction_short": {
      "benzin_kw9": -0.009,
      "mastrind_kw21": -0.001,
      "platin_yearend": -0.007,
      "baumwolle": 0.012,
      "mais_dez": 0.009,
      "turn_of_month": 0.071,
      "eom_treasury": -0.008,
      "auction_short": 1.0,
      "vix_carry": 0.081,
      "pre_fomc": -0.002,
      "usd_regime": 0.088,
      "wheat_rv": -0.012
    },
    "vix_carry": {
      "benzin_kw9": 0.01,
      "mastrind_kw21": 0.01,
      "platin_yearend": 0.028,
      "baumwolle": 0.039,
      "mais_dez": -0.006,
      "turn_of_month": 0.178,
      "eom_treasury": -0.067,
      "auction_short": 0.081,
      "vix_carry": 1.0,
      "pre_fomc": 0.041,
      "usd_regime": 0.134,
      "wheat_rv": 0.0
    },
    "pre_fomc": {
      "benzin_kw9": -0.003,
      "mastrind_kw21": -0.002,
      "platin_yearend": -0.002,
      "baumwolle": 0.003,
      "mais_dez": 0.11,
      "turn_of_month": 0.025,
      "eom_treasury": 0.002,
      "auction_short": -0.002,
      "vix_carry": 0.041,
      "pre_fomc": 1.0,
      "usd_regime": 0.05,
      "wheat_rv": 0.003
    },
    "usd_regime": {
      "benzin_kw9": 0.063,
      "mastrind_kw21": 0.017,
      "platin_yearend": 0.047,
      "baumwolle": 0.048,
      "mais_dez": 0.003,
      "turn_of_month": 0.143,