{
 "I0005_wheat": {
  "net_sharpe": 0.30831247619354746,
  "n_days_in": 3706,
  "frac_in": 0.575912975912976,
  "perm_p": 0.0,
  "gross_sharpe": 0.3167109150535262
 },
 "I0006_goldsilver": {
  "net_sharpe": 0.05649584913134926,
  "n_days_in": 3342,
  "frac_in": 0.5171773444753947,
  "perm_p": 0.324,
  "gross_sharpe": 0.060987318292596855
 }
}