{
  "panel": {
    "n_matches": 17080,
    "divisions": [
      "E0",
      "E1",
      "D1",
      "D2",
      "SP1",
      "I1",
      "F1"
    ],
    "seasons": [
      "1920",
      "2021",
      "2122",
      "2223",
      "2324",
      "2425",
      "2526"
    ],
    "margin_median": {
      "pinnacle_open": 0.030307408556715876,
      "pinnacle_close": 0.028287622269528412,
      "bet365": 0.054723893664179624
    }
  },
  "calibration": [
    {
      "method": "multiplicative",
      "brier": 0.5915960886998533,
      "log_loss": 0.9914360553585174,
      "n": 17080
    },
    {
      "method": "shin",
      "brier": 0.5915406276716371,
      "log_loss": 0.9913486827888297,
      "n": 17080
    },
    {
      "method": "power",
      "brier": 0.5915459771824411,
      "log_loss": 0.9913674553774691,
      "n": 17080
    }
  ],
  "best_method": "shin",
  "n_trials": 12,
  "grid": {
    "multiplicative_thr0.02": {
      "n_bets": 832,
      "n_suspect_excluded": 6,
      "avg_odds": 7.032824519230768,
      "win_rate": 0.19591346153846154,
      "clv": {
        "n": 832,
        "median": -0.00524584755716051,
        "mean": -0.007955757524957615,
        "frac_positive": 0.4807692307692308,
        "median_ci_low": -0.01293641540610485,
        "median_ci_high": 0.003972032856616181
      },
      "roi_gross": {
        "roi": 0.14837740384615383,
        "roi_ci_low": -0.026708834134615392,
        "roi_ci_high": 0.33614453124999993
      },
      "roi_tax": {
        "roi": 0.09537740384615376,
        "roi_ci_low": -0.07970883413461544,
        "roi_ci_high": 0.2831445312499999
      },
      "roi_slip": {
        "roi": 0.13885276442307692,
        "roi_ci_low": -0.034793725961538485,
        "roi_ci_high": 0.3249600691105768
      }
    },
    "multiplicative_thr0.03": {
      "n_bets": 552,
      "n_suspect_excluded": 6,
      "avg_odds": 7.730724637681161,
      "win_rate": 0.19384057971014493,
      "clv": {
        "n": 552,
        "median": -0.0068981369071999254,
        "mean": -0.005826781897467985,
        "frac_positive": 0.4855072463768116,
        "median_ci_low": -0.01461154706568868,
        "median_ci_high": 0.005839894356125863
      },
      "roi_gross": {
        "roi": 0.2322644927536232,
        "roi_ci_low": -0.003070652173913057,
        "roi_ci_high": 0.4787558876811593
      },
      "roi_tax": {
        "roi": 0.1792644927536232,
        "roi_ci_low": -0.056070652173913035,
        "roi_ci_high": 0.4257558876811593
      },
      "roi_slip": {
        "roi": 0.22188025362318836,
        "roi_ci_low": -0.011374166666666657,
        "roi_ci_high": 0.4661612635869564
      }
    },
    "multiplicative_thr0.04": {
      "n_bets": 385,
      "n_suspect_excluded": 6,
      "avg_odds": 8.465220779220779,
      "win_rate": 0.16883116883116883,
      "clv": {
        "n": 385,
        "median": -0.006855813273333622,
        "mean": -0.0058293276504794,
        "frac_positive": 0.4857142857142857,
        "median_ci_low": -0.015948435285906615,
        "median_ci_high": 0.009874557152937946
      },
      "roi_gross": {
        "roi": 0.17537662337662335,
        "roi_ci_low": -0.10675584415584415,
        "roi_ci_high": 0.48161168831168827
      },
      "roi_tax": {
        "roi": 0.12237662337662325,
        "roi_ci_low": -0.15975584415584418,
        "roi_ci_high": 0.4286116883116881
      },
      "roi_slip": {
        "roi": 0.1653111688311688,
        "roi_ci_low": -0.11421512987012988,
        "roi_ci_high": 0.46874551948051946
      }
    },
    "multiplicative_thr0.05": {
      "n_bets": 272,
      "n_suspect_excluded": 6,
      "avg_odds": 9.240698529411766,
      "win_rate": 0.15073529411764705,
      "clv": {
        "n": 272,
        "median": -0.006448597548319113,
        "mean": -0.009825728436347946,
        "frac_positive": 0.48161764705882354,
        "median_ci_low": -0.019154706126324327,
        "median_ci_high": 0.009684802622483502
      },
      "roi_gross": {
        "roi": 0.0913235294117647,
        "roi_ci_low": -0.24449540441176473,
        "roi_ci_high": 0.45650919117647054
      },
      "roi_tax": {
        "roi": 0.03832352941176468,
        "roi_ci_low": -0.29749540441176475,
        "roi_ci_high": 0.4035091911764705
      },
      "roi_slip": {
        "roi": 0.08191764705882347,
        "roi_ci_low": -0.2509456709558823,
        "roi_ci_high": 0.44386045955882336
      }
    },
    "shin_thr0.02": {
      "n_bets": 385,
      "n_suspect_excluded": 3,
      "avg_odds": 5.772467532467531,
      "win_rate": 0.23116883116883116,
      "clv": {
        "n": 385,
        "median": 0.010123832154269152,
        "mean": 0.009853393476552402,
        "frac_positive": 0.5584415584415584,
        "median_ci_low": 0.0019493448043859107,
        "median_ci_high": 0.021894751559812686
      },
      "roi_gross": {
        "roi": 0.15911688311688313,
        "roi_ci_low": -0.07483246753246753,
        "roi_ci_high": 0.41589935064935063
      },
      "roi_tax": {
        "roi": 0.10611688311688304,
        "roi_ci_low": -0.1278324675324675,
        "roi_ci_high": 0.3628993506493505
      },
      "roi_slip": {
        "roi": 0.14983740259740255,
        "roi_ci_low": -0.08206255194805198,
        "roi_ci_high": 0.4044421623376623
      }
    },
    "shin_thr0.03": {
      "n_bets": 233,
      "n_suspect_excluded": 3,
      "avg_odds": 6.210429184549356,
      "win_rate": 0.2317596566523605,
      "clv": {
        "n": 233,
        "median": 0.00589345676826869,
        "mean": 0.00779325891179025,
        "frac_positive": 0.5407725321888412,
        "median_ci_low": -0.007997347402556088,
        "median_ci_high": 0.023583461938308847
      },
      "roi_gross": {
        "roi": 0.25738197424892706,
        "roi_ci_low": -0.07596566523605149,
        "roi_ci_high": 0.6153648068669527
      },
      "roi_tax": {
        "roi": 0.20438197424892693,
        "roi_ci_low": -0.1289656652360515,
        "roi_ci_high": 0.5623648068669526
      },
      "roi_slip": {
        "roi": 0.2471257510729614,
        "roi_ci_low": -0.08311480686695279,
        "roi_ci_high": 0.6017497854077253
      }
    },
    "shin_thr0.04": {
      "n_bets": 149,
      "n_suspect_excluded": 3,
      "avg_odds": 6.693892617449665,
      "win_rate": 0.20134228187919462,
      "clv": {
        "n": 149,
        "median": 0.007524551795440093,
        "mean": 0.004638716331318338,
        "frac_positive": 0.5369127516778524,
        "median_ci_low": -0.010931688368782999,
        "median_ci_high": 0.026074227977003206
      },
      "roi_gross": {
        "roi": 0.14355704697986577,
        "roi_ci_low": -0.2463791946308725,
        "roi_ci_high": 0.5819714765100668
      },
      "roi_tax": {
        "roi": 0.09055704697986569,
        "roi_ci_low": -0.2993791946308725,
        "roi_ci_high": 0.5289714765100667
      },
      "roi_slip": {
        "roi": 0.13413489932885903,
        "roi_ci_low": -0.2521843456375839,
        "roi_ci_high": 0.5685007550335567
      }
    },
    "shin_thr0.05": {
      "n_bets": 84,
      "n_suspect_excluded": 3,
      "avg_odds": 7.450119047619047,
      "win_rate": 0.19047619047619047,
      "clv": {
        "n": 84,
        "median": 0.008595429126248555,
        "mean": -0.002084799201384956,
        "frac_positive": 0.5238095238095238,
        "median_ci_low": -0.016437942126485083,
        "median_ci_high": 0.032920326276317406
      },
      "roi_gross": {
        "roi": 0.15190476190476193,
        "roi_ci_low": -0.37501190476190477,
        "roi_ci_high": 0.7513244047619045
      },
      "roi_tax": {
        "roi": 0.09890476190476177,
        "roi_ci_low": -0.42801190476190476,