{
  "ticker": "CHTR",
  "name": "Charter Communications",
  "isin": "US16119P1084",
  "window": {
    "start": [
      6,
      4
    ],
    "end": [
      7,
      22
    ]
  },
  "sample": {
    "first_year": 2010,
    "last_year": 2026,
    "mid_year": 2018
  },
  "n_trials_charged": 121,
  "full_sample": {
    "metrics": {
      "total_return": 2.038662531298713,
      "cagr": 0.07020279548389152,
      "annual_volatility": 0.08573100961457472,
      "sharpe": 0.6032045962680034,
      "sortino": 0.9625897530034788,
      "calmar": 0.4309388578723459,
      "max_drawdown": -0.16290662631469455,
      "max_drawdown_duration_days": 494,
      "n_periods": 4128
    },
    "trades": {
      "n_trades": 16,
      "win_rate": 0.875,
      "profit_factor": 90.52094767639751,
      "payoff_ratio": 12.931563953771073,
      "expectancy": 0.07369205458038407,
      "avg_holding_days": 33.75,
      "avg_win": 0.08516027065627449,
      "avg_loss": 0.006585457950849034
    },
    "exposure": 0.1308139534883721,
    "psr": 0.0
  },
  "in_sample": {
    "metrics": {
      "total_return": 0.9092297143903028,
      "cagr": 0.07467071473433107,
      "annual_volatility": 0.0804460175565222,
      "sharpe": 0.6890351226357987,
      "sortino": 1.1927664639862288,
      "calmar": 0.7722618576055176,
      "max_drawdown": -0.09669092678726332,
      "max_drawdown_duration_days": 482,
      "n_periods": 2263
    },
    "trades": {
      "n_trades": 9,
      "win_rate": 0.8888888888888888,
      "profit_factor": 1003.8046425829406,
      "payoff_ratio": 125.47558032286757,
      "expectancy": 0.07605549745494329,
      "avg_holding_days": 34.0,
      "avg_win": 0.08564775777055383,
      "avg_loss": 0.0006825850699408542
    },
    "exposure": 0.13521873619089703,
    "psr": 0.0
  },
  "out_of_sample": {
    "metrics": {
      "total_return": 0.591399042488727,
      "cagr": 0.06479136563575616,
      "annual_volatility": 0.09175688368698656,
      "sharpe": 0.5142860199858055,
      "sortino": 0.7685702820331225,
      "calmar": 0.3977379468271106,
      "max_drawdown": -0.1628996331695748,
      "max_drawdown_duration_days": 494,
      "n_periods": 1865
    },
    "trades": {
      "n_trades": 7,
      "win_rate": 0.8571428571428571,
      "profit_factor": 40.56367622662559,
      "payoff_ratio": 6.760612704437598,
      "expectancy": 0.07063845346846744,
      "avg_holding_days": 33.42857142857143,
      "avg_win": 0.08449453894113862,
      "avg_loss": 0.012498059367559579
    },
    "exposure": 0.12546916890080428,
    "psr": 0.0
  },
  "buy_hold_full": {
    "total_return": 2.685999843052465,
    "cagr": 0.08289469329201848,
    "annual_volatility": 0.31669768654863817,
    "sharpe": 0.3493512227997436,
    "sortino": 0.4499141101310346,
    "calmar": 0.09834880267126436,
    "max_drawdown": -0.8428642854870131,
    "max_drawdown_duration_days": 1191,
    "n_periods": 4128
  },
  "significance_full": {
    "permutation": {
      "observed": 0.6032045962680034,
      "p_value": 0.00399800099950025,
      "null_mean": -0.022607579603847027,
      "null_std": 0.23603817855608683,
      "n_perm": 2000,
      "metric": "sharpe"
    },
    "bootstrap_sharpe_ci": {
      "statistic": "sharpe",
      "point": 0.5942000055694779,
      "ci_low": 0.11440892733870825,
      "ci_high": 1.0623816153195424,
      "alpha": 0.05
    },
    "t_test": {
      "t_stat": 3.3762871200762876,
      "p_value": 0.0007415037642113346,
      "n": 4128
    },
    "psr_deflated": 0.0,
    "expected_max_sharpe_null": 2.5969570047767614
  },
  "robustness": {
    "shifts": [
      -10,
      -8,
      -6,
      -4,
      -2,
      0,
      2,
      4,
      6,
      8,
      10
    ],
    "expectancy_pct": [
      [
        5.6253234190365795,
        4.94838499670333,
        5.256099851064506,
        5.150406177956849,
        5.070768679583519,
        6.351709205891995,
        6.2896879245986606,
        5.8682977889598655,
        5.789703687827406,
        6.4784598309953925,
        6.236829187493365
      ],
      [
        5.493095730053604,
        4.808318363474035,
        5.099126858708983,
        4.988661688290538,
        4.909794989880307,
        6.1875169020474186,
        6.125712811355653,
        5.708999709288099,
        5.644498419354886,
        6.340363193295398,
        6.08392642976068
      ],
      [
        5.714268879813048,
        5.027748774610805,
        5.313128531612805,
        5.197033219392824,
        5.12292388531175,
        6.422037281034065,
        6.3568242780841775,
        5.94522254003189,
        5.880535131649372,
        6.572761481191495,
        6.317743239023092
      ],
      [
        6.201569128732422,
        5.492135072350962,
        5.78203132356502,
        5.683478251360487,
        5.619149967005393,
        6.942411425022755,
        6.883892054063101,
        6.46688988758067,
        6.411041279784489,
        7.118834722889023,
        6.85978657003157
      ],
      [
        6.562689897417541,
        5.845985727459932,
        6.13743807587685,
        6.0437462299165485,
        5.966009462703116,
        7.315898400077188,
        7.26759991592971,
        6.843902879749702,
        6.793098867880837,
        7.518349090033142,
        7.26308247277216
      ],
      [
        6.612464747766253,
        5.901626865564307,
        6.199305936461925,
        6.0996827180903,
        6.018999870647049,
        7.369205458038406,
        7.3182373186724075,
        6.8974797395326135,
        6.836481738898398,
        7.553637793699308,
        7.3064433987011554
      ],
      [
        4.896744374731418,
        4.181741056788389,
        4.430855014069629,
        4.330358982814856,
        4.258027109702736,
        5.473609597899567,
        5.454930854086584,
        5.029185799933407,
        5.017306241797863,
        5.705753543076187,
        5.381847423242063
      ],
      [
        6.333557114235921,
        5.615427042483547,
        5.856726684712116,
        5.688827542445255,
        5.618425080770092,
        6.956176115715032,
        6.935152193791705,
        6.5306995308780005,
        6.517946134920821,
        7.184813784636482,
        6.844057277130069
      ],
      [
        6.104456218450691,
        5.400551124164873,
        5.6273532114355564,
        5.458163133815743,
        5.378368673530778,
        6.6922585594004405,
        6.675717285542449,
        6.277849233747429,
        6.251863884150405,
        6.871497881767047,
        6.51034438306721
      ],
      [
        6.1785704713046545,
        5.479840885080254,
        5.6957578747551825,
        5.53719379654215,
        5.45298739946855,
        6.775840229018315,
        6.764318175375584,
        6.36838851557699,
        6.338920086013641,
        6.939687407794476,
        6.566769228366826
      ],
      [
        6.536783105365183,
        5.818554359451287,
        6.0336584640725315,
        5.889171269579847,
        5.8212298622336744,
        7.148025926186941,
        7.151362375110107,
        6.748922347143499,
        6.733619307242125,
        7.339395277028063,
        6.942724980449421
      ]
    ],