{
  "ticker": "ZC=F",
  "name": "Mais (Corn-Future)",
  "window": {
    "start": [
      12,
      1
    ],
    "end": [
      12,
      31
    ],
    "wraps_year": false
  },
  "sample": {
    "first_year": 2000,
    "last_year": 2026,
    "mid_year": 2013,
    "split_date": "2013-01-01"
  },
  "n_trials_charged": 121,
  "full_sample": {
    "metrics": {
      "total_return": 2.5535609254374063,
      "cagr": 0.050585103276193255,
      "annual_volatility": 0.06767606775741729,
      "sharpe": 0.47020296072832074,
      "sortino": 0.7976960084905061,
      "calmar": 0.4272478665743405,
      "max_drawdown": -0.11839755615816872,
      "max_drawdown_duration_days": 761,
      "n_periods": 6475
    },
    "trades": {
      "n_trades": 26,
      "win_rate": 0.7692307692307693,
      "profit_factor": 8.210749952557586,
      "payoff_ratio": 2.4632249857672766,
      "expectancy": 0.05256137599447351,
      "avg_holding_days": 20.46153846153846,
      "avg_win": 0.0778058889547106,
      "avg_loss": 0.03158700053965011
    },
    "exposure": 0.08216216216216216,
    "psr": 0.0
  },
  "in_sample": {
    "metrics": {
      "total_return": 1.2480708845049704,
      "cagr": 0.06799962208191834,
      "annual_volatility": 0.08050604870219243,
      "sharpe": 0.6112932787980788,
      "sortino": 1.0111546875490087,
      "calmar": 0.5743329870008198,
      "max_drawdown": -0.11839755615816872,
      "max_drawdown_duration_days": 761,
      "n_periods": 3103
    },
    "trades": {
      "n_trades": 13,
      "win_rate": 0.6923076923076923,
      "profit_factor": 7.569343226878316,
      "payoff_ratio": 3.364152545279252,
      "expectancy": 0.0680481275835519,
      "avg_holding_days": 19.923076923076923,
      "avg_win": 0.11325392654077329,
      "avg_loss": 0.03366492007019625
    },
    "exposure": 0.08346761198839832,
    "psr": 0.0
  },
  "out_of_sample": {
    "metrics": {
      "total_return": 0.5982782991112094,
      "cagr": 0.035665655670244156,
      "annual_volatility": 0.0531127073700377,
      "sharpe": 0.31327636634811135,
      "sortino": 0.5638573287353281,
      "calmar": 0.4109069388084313,
      "max_drawdown": -0.08679740423383753,
      "max_drawdown_duration_days": 752,
      "n_periods": 3372
    },
    "trades": {
      "n_trades": 13,
      "win_rate": 0.8461538461538461,
      "profit_factor": 11.969782548296783,
      "payoff_ratio": 2.176324099690324,
      "expectancy": 0.03784488218499869,
      "avg_holding_days": 20.923076923076923,
      "avg_win": 0.04880294911156838,
      "avg_loss": 0.022424485911134606
    },
    "exposure": 0.08066429418742586,
    "psr": 0.0
  },
  "buy_hold_full": {
    "total_return": 1.4281729428173033,
    "cagr": 0.03512945342643636,
    "annual_volatility": 0.28164512794683727,
    "sharpe": 0.19420852247903303,
    "sortino": 0.2716751759622659,
    "calmar": 0.0551229035596512,
    "max_drawdown": -0.6372932330827068,
    "max_drawdown_duration_days": 3461,
    "n_periods": 6475
  },
  "significance_full": {
    "permutation": {
      "observed": 0.47020296072832074,
      "p_value": 0.0004997501249375312,
      "null_mean": -0.16596386513241596,
      "null_std": 0.193021558468808,
      "n_perm": 2000,
      "metric": "sharpe"
    },
    "bootstrap_sharpe_ci": {
      "statistic": "sharpe",
      "point": 0.468505916714409,
      "ci_low": 0.10262452078679692,
      "ci_high": 0.8212090561037861,
      "alpha": 0.05
    },
    "t_test": {
      "t_stat": 3.8667283480188326,
      "p_value": 0.00011138568612209645,
      "n": 6475
    },
    "psr_deflated": 0.0,
    "expected_max_sharpe_null": 2.5969570047767614
  },
  "robustness": {
    "shifts": [
      -10,
      -8,
      -6,
      -4,
      -2,
      0,
      2,
      4,
      6,
      8,
      10
    ],
    "expectancy_pct": [
      [
        4.482825204624326,
        4.310749440981255,
        4.205909781698244,
        4.434313067454232,
        4.83396541777592,
        4.367341694749837,
        4.3564091078794345,
        4.7536852850301194,
        4.83970344459773,
        4.480159719956089,
        3.3695092130511446
      ],
      [
        5.2358301563159175,
        5.054175646155998,
        4.953628505693986,
        5.1850289122441895,
        5.598667365971336,
        5.134720156573198,
        5.125785072053549,
        5.550361691040273,
        5.625301300703546,
        5.266230518387351,
        4.133022412925609
      ],
      [
        5.505575222000838,
        5.316748754206559,
        5.213834399874533,
        5.443091037546983,
        5.861435036721789,
        5.402660202201814,
        5.397972615771218,
        5.845695528672399,
        5.904900276734178,
        5.545726298565371,
        4.392053467355591
      ],
      [
        5.140492233428137,
        4.95882773720304,
        4.8534331131647,
        5.077801297967329,
        5.48207609148269,
        5.02101702519755,
        5.021195152892441,
        5.441183597194988,
        5.517784858471239,
        5.154818489903269,
        4.01858680438396
      ],
      [
        4.855235088137836,
        4.671978153799254,
        4.5760870283233945,
        4.7975009742608625,
        5.205946215220495,
        4.752258653471618,
        4.742407356692365,
        5.17040053817976,
        5.2377238381710995,
        4.874581282976151,
        3.738794352666281
      ],
      [
        5.364414129000021,
        5.173091080016571,
        5.078280504997577,
        5.29631822787133,
        5.712475473510565,
        5.256137599447351,
        5.242609580998245,
        5.703312131305881,
        5.754475827412364,
        5.390324538771556,
        4.233157740953831
      ],
      [
        5.450835389595528,
        5.261543709936315,
        5.166562421230337,
        5.38118939431064,
        5.798872649232721,
        5.339612769466995,
        5.3276546566879555,
        5.782151423156368,
        5.836553650902187,
        5.46963488265085,
        4.311355440116495
      ],
      [
        5.420182661130611,
        5.229090998936141,
        5.134081369324892,
        5.352143911894931,
        5.771520991409794,
        5.313442869761376,
        5.289216684132295,
        5.744350665014134,
        5.792836938715417,
        5.426488564208198,
        4.270021029915098
      ],
      [
        5.168176238921334,
        4.97752625596061,
        4.889334649334116,
        5.109674038556053,
        5.530279888072801,
        5.08245009116178,
        5.057585297825608,
        5.523118485224419,
        5.562337078305922,
        5.2009228256261535,
        4.046299128831844
      ],
      [
        5.204919898708084,
        5.015881551254078,
        4.928200209465393,
        5.143516612214468,
        5.560516601122971,
        5.110428319723423,
        5.088153569804818,
        5.545558957164976,
        5.591218090635784,
        5.227473792513374,
        4.07000923962058
      ],
      [
        5.703430475213256,
        5.522491535038655,
        5.424197935125033,
        5.645352252158871,
        6.041504644400051,
        5.584632154000625,
        5.561977287155811,
        5.967647217926164,
        6.03999457217483,
        5.673257125283888,
        4.538708922200338
      ]
    ],
    "positive_cells": 121,
    "total_cells": 121
  },
  "roll_check": {
    "roll_zones": [
      [
        [
          12,
          11
        ],
        [
          12,
          16
        ]
      ]
    ],
    "base": {
      "exp": 5.256137599447351,
      "win": 0.7692307692307693,
      "sharpe": 0.47020296072832074,
      "perm_p": 0.0004997501249375312,
      "boot_lo": 0.10262452078679692,