{
 "I0026_raw_momentum": {
  "sharpe": -0.0486423094447411,
  "cagr_pct": -0.03843277582786797,
  "perm_p": 0.14123917388407728
 },
 "I0026_residual_momentum": {
  "sharpe": -0.10424202224438069,
  "cagr_pct": -0.5290263984337296,
  "perm_p": 0.22451698867421718
 },
 "I0030_weekend_vol": {
  "weekend_ann_vol": 0.6198919501020638,
  "weekday_ann_vol": 0.7624968275693956,
  "ratio": 0.8129764317552479
 }
}