{
  "ticker": "PL=F",
  "start_md": [
    12,
    18
  ],
  "roll_zone": [
    [
      1,
      13
    ],
    [
      1,
      20
    ]
  ],
  "largest_day_in_roll_zone_share": 0.14814814814814814,
  "n_winters": 27,
  "avg_path_pct_by_dayoffset": [
    0.262204807465784,
    0.157368154145038,
    0.9108331125068538,
    1.5043805610320935,
    2.3498997535194217,
    1.6648550339350463,
    1.9757927612220176,
    2.117663464017624,
    2.8495029880863614,
    3.6875051110420087,
    4.100964799689763,
    3.856445200719706,
    3.94023302871838,
    3.9603786764886397,
    4.957013039102593,
    5.012711314249514,
    4.967700183572022,
    5.1099251369529375,
    5.242400041248698,
    6.245528815793406,
    4.923642213503569
  ],
  "variants": [
    {
      "exit": "17.01.",
      "n_trades": 27,
      "win_rate": 0.9259259259259259,
      "expectancy_pct": 5.080757121850534,
      "avg_hold": 18.333333333333332,
      "sharpe": 0.45481429640177434,
      "cagr": 0.05677328864838116,
      "max_dd": -0.17554806489587782,
      "perm_p": 0.0014992503748125937,
      "boot_ci": [
        0.0373798501929144,
        0.8709985490370382
      ],
      "sharpe_is": 0.6887200981036198,
      "sharpe_oos": 0.3586088602845942,
      "exp_is_pct": 4.755655434951963,
      "exp_oos_pct": 5.430866630818225
    },
    {
      "exit": "13.01.",
      "n_trades": 27,
      "win_rate": 0.8888888888888888,
      "expectancy_pct": 4.461250486744933,
      "avg_hold": 15.88888888888889,
      "sharpe": 0.3935224795404365,
      "cagr": 0.04987434166530047,
      "max_dd": -0.17554806489587782,
      "perm_p": 0.0034982508745627187,
      "boot_ci": [
        -0.01693615518623966,
        0.8048508430347873
      ],
      "sharpe_is": 0.6417414069445464,
      "sharpe_oos": 0.29193455120320616,
      "exp_is_pct": 4.331006391071189,
      "exp_oos_pct": 4.601513359008965
    },
    {
      "exit": "10.01.",
      "n_trades": 27,
      "win_rate": 0.8518518518518519,
      "expectancy_pct": 4.201040389212038,
      "avg_hold": 13.777777777777779,
      "sharpe": 0.3690606449998758,
      "cagr": 0.04701476240442237,
      "max_dd": -0.17554806489587782,
      "perm_p": 0.0034982508745627187,
      "boot_ci": [
        -0.03437462318485445,
        0.7838504564434498
      ],
      "sharpe_is": 0.5267074714073116,
      "sharpe_oos": 0.3142374632772054,
      "exp_is_pct": 3.6954654255240227,
      "exp_oos_pct": 4.745505734722206
    },
    {
      "exit": "05.01.",
      "n_trades": 27,
      "win_rate": 0.7777777777777778,
      "expectancy_pct": 3.4484030208257757,
      "avg_hold": 10.185185185185185,
      "sharpe": 0.27957537592820647,
      "cagr": 0.03813619614969399,
      "max_dd": -0.17554806489587782,
      "perm_p": 0.0079960019990005,
      "boot_ci": [
        -0.10882155226087772,
        0.6832537922403267
      ],
      "sharpe_is": 0.06242946285902309,
      "sharpe_oos": 0.3930960013185109,
      "exp_is_pct": 1.7231082966177653,
      "exp_oos_pct": 5.306412723819017
    },
    {
      "exit": "31.12.",
      "n_trades": 26,
      "win_rate": 0.9230769230769231,
      "expectancy_pct": 2.6110960604995346,
      "avg_hold": 7.8076923076923075,
      "sharpe": 0.16109967079374699,
      "cagr": 0.028449224827329145,
      "max_dd": -0.1755480648958777,
      "perm_p": 0.015992003998001,
      "boot_ci": [
        -0.226985273392909,
        0.5972351222685135
      ],
      "sharpe_is": 0.12178988892413868,
      "sharpe_oos": 0.1882864381241063,
      "exp_is_pct": 2.018100404037227,
      "exp_oos_pct": 3.204091716961841
    },
    {
      "exit": "28.12.",
      "n_trades": 24,
      "win_rate": 0.75,
      "expectancy_pct": 1.404647932782097,
      "avg_hold": 6.291666666666667,
      "sharpe": -0.0824542353454095,
      "cagr": 0.013828306184712869,
      "max_dd": -0.14727321374033786,
      "perm_p": 0.10294852573713144,
      "boot_ci": [
        -0.4678680860595122,
        0.3279278071448332
      ],
      "sharpe_is": -0.4263162693845316,
      "sharpe_oos": 0.05239764066166469,
      "exp_is_pct": 0.527835909955178,
      "exp_oos_pct": 2.1465657982510282
    }
  ],
  "sample": {
    "first_year": 2000,
    "last_year": 2026,
    "split_date": "2013-07-01"
  }
}