{
  "ticker": "GF=F",
  "iso_week": 21,
  "base_rule": {
    "entry_offset": 0,
    "hold_days": 5
  },
  "discovery": {
    "metrics": {
      "total_return": 0.6008512149048675,
      "cagr": 0.03269201866607019,
      "annual_volatility": 0.041346131613578384,
      "sharpe": 0.3189309113818708,
      "sortino": 2.2252849533379755,
      "calmar": 1.8358968242308389,
      "max_drawdown": -0.01780711107214139,
      "max_drawdown_duration_days": 252,
      "n_periods": 3686
    },
    "trades": {
      "n_trades": 15,
      "win_rate": 1.0,
      "profit_factor": Infinity,
      "payoff_ratio": Infinity,
      "expectancy": 0.03220067290280108,
      "avg_holding_days": 5.0,
      "avg_win": 0.03220067290280108,
      "avg_loss": 0.0
    },
    "exposure": 0.020347259902333152,
    "psr": 1.0
  },
  "forward": {
    "metrics": {
      "total_return": 0.7364312235142982,
      "cagr": 0.054639285473268684,
      "annual_volatility": 0.06814251734697681,
      "sharpe": 0.5225205226388074,
      "sortino": 1.9759598966574796,
      "calmar": 0.9077666521381603,
      "max_drawdown": -0.06019089305007064,
      "max_drawdown_duration_days": 257,
      "n_periods": 2614
    },
    "trades": {
      "n_trades": 11,
      "win_rate": 0.9090909090909091,
      "profit_factor": 11.953993289086634,
      "payoff_ratio": 1.1953993289086635,
      "expectancy": 0.052745865236288436,
      "avg_holding_days": 5.0,
      "avg_win": 0.0633171915176203,
      "avg_loss": 0.05296739757703023
    },
    "exposure": 0.021040550879877582,
    "psr": 1.0
  },
  "recent_holdout": {
    "start": "2022-01-01",
    "metrics": {
      "total_return": 0.2661532978317982,
      "cagr": 0.05508667477622753,
      "annual_volatility": 0.07611972095787412,
      "sharpe": 0.48050681410063545,
      "sortino": 1.4242757755370907,
      "calmar": 0.9151994925611555,
      "max_drawdown": -0.06019089305007075,
      "max_drawdown_duration_days": 257,
      "n_periods": 1109
    },
    "trades": {
      "n_trades": 5,
      "win_rate": 0.8,
      "profit_factor": 5.778019489816232,
      "payoff_ratio": 1.444504872454058,
      "expectancy": 0.0506158515895791,
      "avg_holding_days": 5.0,
      "avg_win": 0.07651166388123143,
      "avg_loss": 0.05296739757703023
    },
    "exposure": 0.02254283137962128,
    "psr": 1.0
  },
  "forward_significance": {
    "permutation": {
      "observed": 0.5225205226388074,
      "p_value": 0.0004997501249375312,
      "null_mean": -0.7084975492551753,
      "null_std": 0.35337024372970643,
      "n_perm": 2000,
      "metric": "sharpe"
    },
    "bootstrap_sharpe_ci": {
      "statistic": "sharpe",
      "point": 0.5077212051686367,
      "ci_low": -0.010712751045384026,
      "ci_high": 0.8997535747421855,
      "alpha": 0.05
    },
    "psr_n_trials_1": 1.0
  },
  "robustness": {
    "offsets": [
      -3,
      -2,
      -1,
      0,
      1,
      2,
      3,
      4,
      5
    ],
    "holds": [
      2,
      3,
      5,
      8,
      10,
      13
    ],
    "expectancy_pct": [
      [
        -0.12336505705149285,
        0.35483421598788145,
        0.3225669340318876,
        0.34198156334018337,
        0.10225897877245704,
        4.346858316697717,
        4.819497867845925,
        1.2750054709832455,
        1.1545854479794297
      ],
      [
        -0.01763927013156469,
        0.6231413039656469,
        0.44817686440733223,
        0.36833247700853167,
        4.484828530265724,
        4.851777342275176,
        5.70435280861809,
        1.6556962316613295,
        0.49899663054729876
      ],
      [
        0.37654887841245416,
        0.7741782003939476,
        4.880166063362576,
        5.274586523628844,
        5.874264173870403,
        6.136406378526121,
        5.421661216592793,
        1.0938570608005016,
        0.34509810221758264
      ],
      [
        5.324981339500767,
        6.600179646130394,
        6.68574225475337,
        5.8699931157757845,
        5.658307259862061,
        5.2921922838739865,
        5.4145543861467065,
        1.0153438820850802,
        0.5374728991637969
      ],
      [
        6.615801602788748,
        6.3097987219431735,
        6.076211055443948,
        5.714326952807068,
        5.578914288695942,
        5.468665782616933,
        5.461857743078513,
        0.799517371660946,
        0.44982317148859424
      ],
      [
        5.766698531096721,
        6.299263251983317,
        6.010035800128468,
        5.914277031449389,
        5.41194179537306,
        5.422900214611504,
        4.796570753410314,
        -0.07809767530493288,
        -0.4992033428281326
      ]
    ],
    "sharpe": [
      [
        -1.9812597019955234,
        -1.6423206824636905,
        -1.7719128108464215,
        -2.1504696569064463,
        -2.6944021870345467,
        0.39792897677932326,
        0.4622854200529536,
        -0.27644247713935133,
        -0.3305507641847593
      ],
      [
        -1.5166816583677336,
        -1.2007595558445332,
        -1.3891893899258991,
        -1.8561212347020175,
        0.4166545670469229,
        0.4643619887085944,
        0.5765851479765465,
        -0.08622157701404777,
        -0.5368318174317478
      ],
      [
        -1.0405981425686333,
        -0.8906208920995823,
        0.4716146762107989,
        0.5225205226388074,
        0.5954174473004749,
        0.6168724556165606,
        0.5054368803762601,
        -0.26345159651610817,
        -0.497621187696705
      ],
      [
        0.5180006537926065,
        0.6889316510345049,
        0.6828559218039338,
        0.5612634423398153,
        0.5340589594080851,
        0.47850078019159603,
        0.4919378135040584,
        -0.23085122370040786,
        -0.3838828055804602
      ],
      [
        0.6650437121047037,
        0.6144015202088585,
        0.5829741568155526,
        0.5313046472576614,
        0.5100654601627655,
        0.4953484384286125,
        0.492043255319832,
        -0.2520347663904772,
        -0.36160949567143497
      ],
      [
        0.527881812474166,
        0.5974916099107196,
        0.5589746698135376,
        0.545523174413833,
        0.4715524483072355,
        0.47041022551963374,
        0.3868766184900678,
        -0.4377140694756697,
        -0.5442191040178135
      ]
    ]
  }
}