{
  "per_asset": {
    "SPY": {
      "win": 0.7424242424242424,
      "pf": 2.419853032090857,
      "cagr": 0.03534920832095367,
      "sharpe": 0.2746895490926138,
      "maxdd": -0.1479642733569454,
      "n_trades": 198,
      "time_in_mkt": 0.09937708242792989
    },
    "QQQ": {
      "win": 0.6923076923076923,
      "pf": 2.1582747688344264,
      "cagr": 0.04226161951715701,
      "sharpe": 0.2926406790339583,
      "maxdd": -0.1540063863064397,
      "n_trades": 208,
      "time_in_mkt": 0.11184018664333625
    },
    "DIA": {
      "win": 0.722488038277512,
      "pf": 1.5472886683896567,
      "cagr": 0.01840221558059807,
      "sharpe": 0.0012741451573238729,
      "maxdd": -0.12984740385470106,
      "n_trades": 209,
      "time_in_mkt": 0.10763436187165001
    },
    "IWM": {
      "win": 0.7248677248677249,
      "pf": 1.675623006285462,
      "cagr": 0.025698271494702274,
      "sharpe": 0.11150366142832824,
      "maxdd": -0.21076383173917834,
      "n_trades": 189,
      "time_in_mkt": 0.1083969465648855
    },
    "GLD": {
      "win": 0.7285714285714285,
      "pf": 1.5907085865996782,
      "cagr": 0.021216842371287736,
      "sharpe": 0.050788335639454396,
      "maxdd": -0.14659558573440745,
      "n_trades": 140,
      "time_in_mkt": 0.11004608294930876
    }
  },
  "portfolio": {
    "cagr": 0.030852453944611113,
    "sharpe": 0.21347595599993008,
    "maxdd": -0.14778398010758564,
    "worst_day": -0.06661619965414425,
    "is_sharpe": 0.15390751825083404,
    "oos_sharpe": 0.2803469663513493,
    "perm_p": 0.02448775612193903,
    "dsr": 0.8924926507800658
  },
  "grid": {
    "entry<10, kein Stop": {
      "win": 0.7424242424242424,
      "pf": 2.419853032090857,
      "cagr": 0.03534920832095367,
      "maxdd": -0.1479642733569454,
      "worst_trade": -0.10208312488395341
    },
    "entry<5 (aggressiver)": {
      "win": 0.7961165048543689,
      "pf": 2.571750756203886,
      "cagr": 0.021030961311556018,
      "maxdd": -0.1408377447622925,
      "worst_trade": -0.10208312488395341
    },
    "entry<15 (h\u00e4ufiger)": {
      "win": 0.7171717171717171,
      "pf": 2.1299389764881678,
      "cagr": 0.0422809460254312,
      "maxdd": -0.14306881817517858,
      "worst_trade": -0.10208312488395341
    },
    "entry<10, max-hold 10d": {
      "win": 0.7424242424242424,
      "pf": 2.2413374390574683,
      "cagr": 0.033048180945874917,
      "maxdd": -0.16391218003454766,
      "worst_trade": -0.1406740305885271
    },
    "entry<10, Stop -5%": {
      "win": 0.7424242424242424,
      "pf": 1.9207134248004911,
      "cagr": 0.0283131035907096,
      "maxdd": -0.1621643747675774,
      "worst_trade": -0.07964811497068056
    },
    "entry<10, exit RSI>70": {
      "win": 0.7424242424242424,
      "pf": 2.419853032090857,
      "cagr": 0.03534920832095367,
      "maxdd": -0.1479642733569454,
      "worst_trade": -0.10208312488395341
    }
  }
}