{
  "ticker": "CT=F",
  "name": "Baumwolle (Cotton-Future)",
  "window": {
    "start": [
      11,
      21
    ],
    "end": [
      12,
      29
    ],
    "wraps_year": false
  },
  "sample": {
    "first_year": 2000,
    "last_year": 2026,
    "mid_year": 2013,
    "split_date": "2013-01-01"
  },
  "n_trials_charged": 121,
  "full_sample": {
    "metrics": {
      "total_return": 3.1165905374524767,
      "cagr": 0.055299230871507676,
      "annual_volatility": 0.0954122083000934,
      "sharpe": 0.403679473594922,
      "sortino": 0.6900743013725151,
      "calmar": 0.34783131169394527,
      "max_drawdown": -0.15898290065434117,
      "max_drawdown_duration_days": 745,
      "n_periods": 6625
    },
    "trades": {
      "n_trades": 26,
      "win_rate": 0.7692307692307693,
      "profit_factor": 6.72943127935969,
      "payoff_ratio": 2.018829383807907,
      "expectancy": 0.05839642171934823,
      "avg_holding_days": 25.423076923076923,
      "avg_win": 0.08916541521974822,
      "avg_loss": 0.044166889948651734
    },
    "exposure": 0.09977358490566038,
    "psr": 0.0
  },
  "in_sample": {
    "metrics": {
      "total_return": 1.5772645065531155,
      "cagr": 0.07616939175614768,
      "annual_volatility": 0.11619319248248101,
      "sharpe": 0.5185435024034561,
      "sortino": 0.90712070438011,
      "calmar": 0.4791043026806657,
      "max_drawdown": -0.15898290065434117,
      "max_drawdown_duration_days": 509,
      "n_periods": 3250
    },
    "trades": {
      "n_trades": 13,
      "win_rate": 0.8461538461538461,
      "profit_factor": 8.986247663531515,
      "payoff_ratio": 1.6338632115511842,
      "expectancy": 0.07844706488065782,
      "avg_holding_days": 25.076923076923077,
      "avg_win": 0.10431889442419175,
      "avg_loss": 0.06384799760877885
    },
    "exposure": 0.1003076923076923,
    "psr": 0.0
  },
  "out_of_sample": {
    "metrics": {
      "total_return": 0.5976706822168889,
      "cagr": 0.035603991959084036,
      "annual_volatility": 0.06977232969184186,
      "sharpe": 0.2523113673456852,
      "sortino": 0.407350525781766,
      "calmar": 0.2888146571372046,
      "max_drawdown": -0.1232762641342332,
      "max_drawdown_duration_days": 494,
      "n_periods": 3375
    },
    "trades": {
      "n_trades": 13,
      "win_rate": 0.6923076923076923,
      "profit_factor": 4.630558760570434,
      "payoff_ratio": 2.058026115809082,
      "expectancy": 0.03834577855803865,
      "avg_holding_days": 25.76923076923077,
      "avg_win": 0.07064449619209502,
      "avg_loss": 0.03432633611858818
    },
    "exposure": 0.09925925925925926,
    "psr": 0.0
  },
  "buy_hold_full": {
    "total_return": 0.4995105206318706,
    "cagr": 0.015529915198375877,
    "annual_volatility": 0.2953345518475165,
    "sharpe": 0.13329642597470137,
    "sortino": 0.1925706851062572,
    "calmar": 0.020038750626080414,
    "max_drawdown": -0.7749941844260344,
    "max_drawdown_duration_days": 3834,
    "n_periods": 6625
  },
  "significance_full": {
    "permutation": {
      "observed": 0.403679473594922,
      "p_value": 0.0009995002498750624,
      "null_mean": -0.15268795278857164,
      "null_std": 0.18707185102562743,
      "n_perm": 2000,
      "metric": "sharpe"
    },
    "bootstrap_sharpe_ci": {
      "statistic": "sharpe",
      "point": 0.40551039133141636,
      "ci_low": 0.026194117470206113,
      "ci_high": 0.7695869572004649,
      "alpha": 0.05
    },
    "t_test": {
      "t_stat": 3.134017652983973,
      "p_value": 0.0017318361298784388,
      "n": 6625
    },
    "psr_deflated": 0.0
  },
  "robustness": {
    "shifts": [
      -10,
      -8,
      -6,
      -4,
      -2,
      0,
      2,
      4,
      6,
      8,
      10
    ],
    "expectancy_pct": [
      [
        2.8045652751302765,
        3.3229240861439484,
        3.1107496966149433,
        3.8188088491339074,
        4.577749078131883,
        4.967176052385113,
        4.323054673526661,
        4.421846822110734,
        3.409040191894267,
        3.0278689044059264,
        3.013531453734227
      ],
      [
        3.023597268366577,
        3.5412496888283838,
        3.335331955216239,
        4.046678205775412,
        4.800322312733123,
        5.192133227555555,
        4.54136246675626,
        4.642663545853912,
        3.6245186763866912,
        3.239209643232898,
        3.2438744985686663
      ],
      [
        3.049390107409955,
        3.5551735510688203,
        3.349453593171439,
        4.043769631670498,
        4.796942665304313,
        5.178652483102898,
        4.502968931373786,
        4.617578241326145,
        3.607055610499073,
        3.2249444813595067,
        3.2530832809346975
      ],
      [
        3.4050381738752487,
        3.9164808601305183,
        3.7051634237290436,
        4.401585329903769,
        5.159117965398076,
        5.547134955932594,
        4.885134103396065,
        4.9986004279379594,
        3.976848074317666,
        3.5932288936768657,
        3.620824729048385
      ],
      [
        3.5568170837409117,
        4.059574081242358,
        3.8521886422374654,
        4.5424172933529485,
        5.305571889343016,
        5.6927799867175715,
        5.016291100544498,
        5.1338364618226455,
        4.112476353402146,
        3.7323880059852974,
        3.7669013966830347
      ],
      [
        3.7254834636129504,
        4.218656727830964,
        4.019437898522128,
        4.700015360456508,
        5.460983898669243,
        5.839642171934823,
        5.162853173766609,
        5.2949538034888155,
        4.260063581448022,
        3.874383662665288,
        3.9293792313139924
      ],
      [
        3.8954400749915075,
        4.374864631976952,
        4.17266331407875,
        4.86042064854956,
        5.637880689301465,
        6.015763545335461,
        5.336688680946414,
        5.4800101393708625,
        4.435279286400522,
        4.044837110810484,
        4.108183808820982
      ],
      [
        3.8782525485216075,
        4.364890738239586,
        4.15884254795322,
        4.844169242018938,
        5.62213271081216,
        6.002373447767957,
        5.3297166550265125,
        5.470036271462298,
        4.427538924321488,
        4.039480502083867,
        4.100648124220471
      ],
      [
        4.3206149232063975,
        4.808521418032449,
        4.6096980990721415,
        5.288181662519883,
        6.05885599350214,
        6.441367489827019,
        5.778380952652248,
        5.919046137174437,
        4.865488038855926,
        4.4702546031798835,
        4.535292438055726
      ],
      [
        4.522609178033843,
        4.9961385152147955,
        4.798794618859292,
        5.472039745377026,
        6.253506603290599,
        6.62326293081604,
        5.924845717680234,
        6.07918444592441,
        5.037876038648793,
        4.636194577198612,
        4.705223714761243
      ],
      [
        4.659060553102372,
        5.138313564275732,
        4.939277095477268,
        5.6135030308537095,
        6.394029809973423,
        6.763475353062652,
        6.074822964009874,
        6.227205139397298,
        5.182613355240672,
        4.7800601342126985,
        4.846451006905059
      ]
    ],
    "positive_cells": 121,
    "total_cells": 121
  },
  "roll_check": {
    "roll_zones": [
      [
        [
          11,
          23
        ],
        [
          11,
          30
        ]
      ]
    ],
    "base": {
      "exp": 5.839642171934823,
      "win": 0.7692307692307693,
      "sharpe": 0.403679473594922,
      "perm_p": 0.0009995002498750624,
      "exp_is": 7.844706488065782,
      "exp_oos": 3.8345778558038646
    },