{
  "horizons": {
    "5": {
      "beta": 1.6971966395899615e-05,
      "corr": 0.005249310623839665,
      "sign_mean_pct": 0.17981714011017277,
      "t": 1.2123028738158559,
      "p": 0.22676510380447917,
      "win": 0.47619047619047616
    },
    "10": {
      "beta": 2.2421529437463205e-05,
      "corr": 0.005777032895663563,
      "sign_mean_pct": 0.15887539331253858,
      "t": 0.8848031061981058,
      "p": 0.3772796141197381,
      "win": 0.4857142857142857
    },
    "15": {
      "beta": 0.00021316737505237983,
      "corr": 0.04175297578342079,
      "sign_mean_pct": 0.16608527082152355,
      "t": 0.7064985491938783,
      "p": 0.48066502405585676,
      "win": 0.4666666666666667
    },
    "20": {
      "beta": 0.0002762688880591481,
      "corr": 0.046495404881272774,
      "sign_mean_pct": 0.30235374844947327,
      "t": 1.111590175341021,
      "p": 0.2675914663251651,
      "win": 0.49523809523809526
    }
  },
  "headline_h15": {
    "dovish_fwd_pct": 0.5830399695106536,
    "hawkish_fwd_pct": 0.2697655061579334,
    "spread_pp": 0.31327446335272024,
    "permutation_p": 0.27554489102179563,
    "bootstrap_mean": {
      "statistic": "mean",
      "point": 0.0016743611792350186,
      "ci_low": -0.002848601896886147,
      "ci_high": 0.006204101896902578,
      "alpha": 0.05
    },
    "deflated_sharpe": {
      "observed_sharpe": 0.04875303165240353,
      "expected_max_sharpe_under_null": 0.07277685752546686,
      "sharpe_variance_used": 0.004784688995215311,
      "n_trials": 4,
      "psr_deflated": 0.3634422657773758
    },
    "sign_mean_pct": 0.16608527082152355
  }
}