{
  "single": {
    "I0045 Palladium PA=F": {
      "n": 26,
      "win": 0.5384615384615384,
      "exp_pct": 2.8860971955850245,
      "perm_p": 0.29117720569857536,
      "boot_ci_pct": [
        -2.271260018011658,
        8.350977300048784
      ]
    },
    "I0046 Gasoline RB=F": {
      "n": 25,
      "win": 0.64,
      "exp_pct": 1.141539307801675,
      "perm_p": 0.5888527868032992,
      "boot_ci_pct": [
        -2.6582811741269428,
        4.792193395786903
      ]
    },
    "I0048 Apple AAPL": {
      "n": 26,
      "win": 0.8076923076923077,
      "exp_pct": 11.911996522990055,
      "perm_p": 0.03549112721819545,
      "boot_ci_pct": [
        6.03823646618933,
        17.280173654030147
      ]
    },
    "I0052 JPY (1/USDJPY)": {
      "n": 26,
      "win": 0.23076923076923078,
      "exp_pct": -1.780780014669986,
      "perm_p": 0.4501374656335916,
      "boot_ci_pct": [
        -2.625543216966439,
        -0.8927758508859444
      ]
    }
  },
  "baskets": {
    "I0049 S&P summer-long (surv-bias)": {
      "n_names": 10,
      "mean_exp_pct": 6.559833908584585,
      "mean_win": 0.7380419580419582,
      "trade_mean_ci_pct": [
        5.038783637859976,
        8.080192292115957
      ],
      "n_trades": 250
    },
    "I0050 Energy/Semis summer-short (surv-bias)": {
      "n_names": 4,
      "mean_exp_pct": 1.0285157787081256,
      "mean_win": 0.543076923076923,
      "trade_mean_ci_pct": [
        -2.2706325323005885,
        4.451552760435021
      ],
      "n_trades": 103
    },
    "I0051 Sector long XLV+XLK": {
      "n_names": 2,
      "mean_exp_pct": 1.9396004901023944,
      "mean_win": 0.6730769230769231,
      "trade_mean_ci_pct": [
        -0.17237320722052138,
        3.932257504924465
      ],
      "n_trades": 52
    },
    "I0051 Sector short XLE": {
      "n_names": 1,
      "mean_exp_pct": 0.6396440224446475,
      "mean_win": 0.5,
      "trade_mean_ci_pct": [
        -2.7414591729670255,
        4.311728281111414
      ],
      "n_trades": 26
    },
    "I0047 DM-FX long (CHF/JPY/EUR)": {
      "n_names": 3,
      "mean_exp_pct": -0.5615059275349438,
      "mean_win": NaN,
      "trade_mean_ci_pct": [
        -1.2432175067643392,
        0.0033462290181377713
      ],
      "n_trades": 70
    }
  },
  "santa": {
    "^GSPC": {
      "n": 27,
      "win": 0.6666666666666666,
      "exp_pct": 0.5061358764620348,
      "perm_p": 0.41989502624343916
    },
    "^RUT": {
      "n": 27,
      "win": 0.48148148148148145,
      "exp_pct": 0.2284511940835199,
      "perm_p": 0.596100974756311
    }
  }
}