{
  "R0_naive": {
    "sharpe": 0.7399894998569618,
    "cagr": 0.31799050781040417,
    "maxdd": -0.6289494247639225,
    "vol": 0.5930172735556882,
    "worst_day_pct": -33.58150390794214,
    "worst3_pct": [
      -33.58150390794214,
      -25.014890724709815,
      -24.075457480543697
    ],
    "maxdd_pct": -62.894942476392245,
    "daily_kurtosis": 6.072833876347139
  },
  "R1_sized_naive": {
    "sharpe": 0.5490975533647338,
    "cagr": 0.06647904218849643,
    "maxdd": -0.1110930886778414,
    "vol": 0.08829522274841264,
    "worst_day_pct": -5.0,
    "worst3_pct": [
      -5.0,
      -3.724504238000149,
      -3.584630626809088
    ],
    "maxdd_pct": -11.10930886778414,
    "daily_kurtosis": 6.072833876347139
  },
  "sizing_scalar": 0.14889148543515593,
  "R2_voltarget_diagnostic": {
    "sharpe": 0.45217437928557813,
    "cagr": 0.11045108352633481,
    "maxdd": -0.4113189770638801,
    "vol": 0.27049609962723237,
    "worst_day_pct": -17.511578400942923,
    "worst3_pct": [
      -17.511578400942923,
      -13.863399541951878,
      -13.628182265826227
    ],
    "maxdd_pct": -41.13189770638801,
    "daily_kurtosis": 10.498024210916622
  },
  "R2b_voltarget_buffer": {
    "sharpe": 0.32496038624311385,
    "cagr": 0.07220467220096194,
    "maxdd": -0.5018171048695708,
    "vol": 0.25948962945616066,
    "worst_day_pct": -17.511578400942923,
    "worst3_pct": [
      -17.511578400942923,
      -13.863399541951878,
      -13.628182265826227
    ],
    "maxdd_pct": -50.18171048695707,
    "daily_kurtosis": 11.908277305079661
  },
  "significance_sized": {
    "permutation": {
      "observed": 0.5537283943563612,
      "p_value": 0.01249375312343828,
      "null_mean": 0.3831046557798552,
      "null_std": 0.07411361199929163,
      "n_perm": 2000,
      "metric": "sharpe"
    },
    "bootstrap": {
      "statistic": "sharpe",
      "point": 0.5502669654478021,
      "ci_low": 0.0577199341941861,
      "ci_high": 1.0897895351462799,
      "alpha": 0.05
    },
    "deflated_sharpe": {
      "observed_sharpe": 0.04871860097579213,
      "expected_max_sharpe_under_null": 0.016890813988994557,
      "sharpe_variance_used": 0.0002577319587628866,
      "n_trials": 4,
      "psr_deflated": 0.9724612506714757
    }
  },
  "sized_crises": {
    "feb2018": {
      "cum_pct": -1.5814567468824148,
      "worst_day_pct": -2.025271844785938
    },
    "mar2020": {
      "cum_pct": -4.142383285711526,
      "worst_day_pct": -2.7325119085952014
    },
    "aug2024": {
      "cum_pct": -2.9781280239998265,
      "worst_day_pct": -3.5671928341014265
    }
  },
  "R3_hedge_sensitivity": {
    "drag_1pct": {
      "net_cagr_pct": 5.647904218849643,
      "approx_sharpe": 0.41314853797287965
    },
    "drag_3pct": {
      "net_cagr_pct": 3.647904218849643,
      "approx_sharpe": 0.186635716809409
    },
    "drag_5pct": {
      "net_cagr_pct": 1.6479042188496427,
      "approx_sharpe": -0.03987710435406171
    }
  }
}