{
  "windows": {
    "pre-FOMC day": {
      "n": 210,
      "mean_bps": 8.583657511745555,
      "t": 0.9157615217397908,
      "p": 0.3608473866904776,
      "win": 0.5428571428571428,
      "ann_sharpe": 1.003166485504282,
      "net_bps": 5.583657511745554
    },
    "overnight->FOMC": {
      "n": 210,
      "mean_bps": 16.177310981841757,
      "t": 3.6505357766532183,
      "p": 0.0003306822387042687,
      "win": 0.6761904761904762,
      "ann_sharpe": 3.9989615837052166,
      "net_bps": 13.177310981841758
    },
    "FOMC day": {
      "n": 210,
      "mean_bps": 24.388061272655527,
      "t": 2.9220229709444663,
      "p": 0.0038600731612418618,
      "win": 0.5619047619047619,
      "ann_sharpe": 3.200915789469094,
      "net_bps": 21.388061272655527
    },
    "both days": {
      "n": 210,
      "mean_bps": 32.71055460420641,
      "t": 2.8582728403245525,
      "p": 0.004690663144320862,
      "win": 0.5952380952380952,
      "ann_sharpe": 3.131081020300239,
      "net_bps": 29.710554604206408
    }
  },
  "baseline_mean_bps": 3.15133279289081,
  "headline_overnight_into": {
    "permutation_p_vs_overnight": 0.0033993201359728054,
    "bootstrap": {
      "statistic": "sharpe",
      "point": 3.8881515103193336,
      "ci_low": 1.695927995588597,
      "ci_high": 6.028673925720131,
      "alpha": 0.05
    },
    "deflated_sharpe": {
      "observed_sharpe": 0.2519109012615478,
      "expected_max_sharpe_under_null": 0.07277685752546686,
      "sharpe_variance_used": 0.004784688995215311,
      "n_trials": 4,
      "psr_deflated": 0.9954786398154534
    },
    "mean_bps": 16.177310981841757,
    "baseline_overnight_bps": 3.1674636005769923
  },
  "decay": {
    "2000-2014": {
      "n": 120,
      "mean_bps": 16.1590343109952,
      "t": 2.331222819497342,
      "p": 0.021424108237418155
    },
    "2015-2026": {
      "n": 90,
      "mean_bps": 16.20167987630383,
      "t": 3.458237822231614,
      "p": 0.0008361991110136247
    }
  }
}