{
  "idea_id": "I0066",
  "regimes": {
    "GLD": {
      "real_only": {
        "regime_sharpe": 0.5560795859888543,
        "bh_sharpe": 0.6488757786703053,
        "regime_cagr_pct": 6.46196240424175,
        "bh_cagr_pct": 10.665966948031546,
        "regime_maxdd_pct": -35.65812881192583,
        "bh_maxdd_pct": -45.55501273425697,
        "frac_long": 0.5134587020648967,
        "perm_p": 0.2786803299175206
      },
      "credit_only": {
        "regime_sharpe": 0.4269591408376123,
        "bh_sharpe": 0.6488757786703053,
        "regime_cagr_pct": 2.2874074300049285,
        "bh_cagr_pct": 10.665966948031546,
        "regime_maxdd_pct": -19.759212577502073,
        "bh_maxdd_pct": -45.55501273425697,
        "frac_long": 0.08314896755162242,
        "perm_p": 0.09072731817045739
      },
      "combined": {
        "regime_sharpe": 0.5112210364727491,
        "bh_sharpe": 0.6488757786703053,
        "regime_cagr_pct": 1.2814520038112676,
        "bh_cagr_pct": 10.665966948031546,
        "regime_maxdd_pct": -7.927469369577311,
        "bh_maxdd_pct": -45.55501273425697,
        "frac_long": 0.030789085545722714,
        "perm_p": 0.12071982004498875
      }
    },
    "TLT": {
      "real_only": {
        "regime_sharpe": -0.029191831439008893,
        "bh_sharpe": 0.3072761755438489,
        "regime_cagr_pct": -0.8312205407486117,
        "bh_cagr_pct": 3.433243259333829,
        "regime_maxdd_pct": -40.05061696846236,
        "bh_maxdd_pct": -48.35115307634928,
        "frac_long": 0.5173758264112561,
        "perm_p": 0.9592601849537615
      },
      "credit_only": {
        "regime_sharpe": -0.06263704934557549,
        "bh_sharpe": 0.3072761755438489,
        "regime_cagr_pct": -0.2962700089161552,
        "bh_cagr_pct": 3.433243259333829,
        "regime_maxdd_pct": -16.68553356390451,
        "bh_maxdd_pct": -48.35115307634928,
        "frac_long": 0.07645363620952704,
        "perm_p": 0.823294176455886
      },
      "combined": {
        "regime_sharpe": -0.23790271226417617,
        "bh_sharpe": 0.3072761755438489,
        "regime_cagr_pct": -0.5242726618695293,
        "bh_cagr_pct": 3.433243259333829,
        "regime_maxdd_pct": -15.834350680326237,
        "bh_maxdd_pct": -48.35115307634928,
        "frac_long": 0.028309883031022207,
        "perm_p": 0.9662584353911522
      }
    },
    "GC=F": {
      "real_only": {
        "regime_sharpe": 0.6806422929736778,
        "bh_sharpe": 0.6876280888862286,
        "regime_cagr_pct": 8.264766945712164,
        "bh_cagr_pct": 11.450094874595074,
        "regime_maxdd_pct": -34.8218327947973,
        "bh_maxdd_pct": -44.36384412589505,
        "frac_long": 0.5174053319748684,
        "perm_p": 0.09772556860784803
      },
      "credit_only": {
        "regime_sharpe": 0.3130907048549428,
        "bh_sharpe": 0.6876280888862286,
        "regime_cagr_pct": 1.5809993748345796,
        "bh_cagr_pct": 11.450094874595074,
        "regime_maxdd_pct": -19.013893598438948,
        "bh_maxdd_pct": -44.36384412589505,
        "frac_long": 0.07675326880624894,
        "perm_p": 0.21719570107473132
      },
      "combined": {
        "regime_sharpe": 0.47382610315243817,
        "bh_sharpe": 0.6876280888862286,
        "regime_cagr_pct": 1.182429619242753,
        "bh_cagr_pct": 11.450094874595074,
        "regime_maxdd_pct": -7.1739520832295405,
        "bh_maxdd_pct": -44.36384412589505,
        "frac_long": 0.02835795551027339,
        "perm_p": 0.13696575856035992
      }
    }
  },
  "corr_to_0086_usd_regime": 0.11203872409105992
}