{
  "idea_ids": [
    "I0059",
    "I0057"
  ],
  "I0059": {
    "LQD": {
      "raw_event_bps": 15.942789304398948,
      "raw_t": 3.0145633188928795,
      "raw_p": 0.0028085009153069698,
      "raw_net_sharpe": 0.4320354860750805,
      "raw_perm_p": 0.0029992501874531365,
      "excess_event_bps": 6.149626740489059,
      "excess_t": 1.2785666582477972,
      "excess_p": 0.20210468070343757,
      "excess_boot_ci_bps": [
        -2.0368401787429176,
        16.930751635596696
      ],
      "excess_sharpe": 0.8703077204827514,
      "n_windows": 282,
      "hedge": "IEF"
    },
    "HYG": {
      "raw_event_bps": 11.253190457265337,
      "raw_t": 1.7213603732892597,
      "raw_p": 0.0865300803981562,
      "raw_net_sharpe": 0.21931861793306556,
      "raw_perm_p": 0.16945763559110222,
      "excess_event_bps": 1.0147595515754444,
      "excess_t": 0.12034225425841112,
      "excess_p": 0.9043170915435144,
      "excess_boot_ci_bps": [
        -14.689605817378135,
        18.21492133581211
      ],
      "excess_sharpe": 0.08348751835637709,
      "n_windows": 231,
      "hedge": "IEF"
    },
    "JNK": {
      "raw_event_bps": 11.975564987993215,
      "raw_t": 2.0873215419188007,
      "raw_p": 0.038000101698335786,
      "raw_net_sharpe": 0.26776960447906056,
      "raw_perm_p": 0.15946013496625844,
      "excess_event_bps": 2.0230669205204213,
      "excess_t": 0.2552170066867559,
      "excess_p": 0.79879178330526,
      "excess_boot_ci_bps": [
        -13.168092144586202,
        17.515387006345335
      ],
      "excess_sharpe": 0.1948406242737814,
      "n_windows": 223,
      "hedge": "IEF"
    },
    "VCIT": {
      "raw_event_bps": 12.070031765000767,
      "raw_t": 3.4501274036993497,
      "raw_p": 0.0006840502143951775,
      "raw_net_sharpe": 0.48222887845246865,
      "raw_perm_p": 0.012996750812296926,
      "excess_event_bps": 3.604072497300775,
      "excess_t": 1.5034372962839422,
      "excess_p": 0.13431163768702575,
      "excess_boot_ci_bps": [
        -1.2481834448862996,
        8.190907019937686
      ],
      "excess_sharpe": 1.2362641977307376,
      "n_windows": 200,
      "hedge": "IEF"
    }
  },
  "I0057": {
    "sofr_effr_basis_qend_bps": 6.7878787878787845,
    "sofr_effr_basis_other_bps": -0.3386295928500572,
    "SHY": {
      "qend_event_bps": 1.6813612225200123,
      "t": 1.201269994323176,
      "p": 0.23269688091160043,
      "net_sharpe": -0.5095526136324317,
      "n": 94
    },
    "ZT=F": {
      "qend_event_bps": -11.829462449315896,
      "t": -4.741642184696535,
      "p": 7.620334392227e-06,
      "net_sharpe": -1.2422278311422665,
      "n": 94
    }
  }
}