{
  "idea_id": "I0058",
  "6E=F": {
    "EAFE": {
      "reverse_net_sharpe": 0.09399261704378929,
      "reverse_perm_p": 0.05098725318670332,
      "reverse_net_cagr_pct": 0.21984196932216538,
      "n_events": 306,
      "event_mean_bps": -8.725827021369845,
      "event_t": -1.8828212742284922,
      "event_p": 0.060676193356388,
      "boot_ci_bps": [
        -17.79267510036662,
        0.4091440382557404
      ],
      "net_sharpe": -0.5568987343423603,
      "gross_sharpe": -0.3263188548476654,
      "net_cagr_pct": -1.5546459160875936,
      "perm_p": 0.9532616845788553,
      "frac_active": 0.09256378344741754,
      "sharpe_pre2015": -0.7140063197606795,
      "sharpe_post2015": -0.32606644580623473
    },
    "ccy": {
      "reverse_net_sharpe": 0.039624956479445285,
      "reverse_perm_p": 0.12221944513871533,
      "reverse_net_cagr_pct": 0.06586711673914891,
      "n_events": 306,
      "event_mean_bps": -6.759090603292197,
      "event_t": -1.6898309685339534,
      "event_p": 0.09208209649054604,
      "boot_ci_bps": [
        -14.958983298751766,
        0.8091758189796099
      ],
      "net_sharpe": -0.46386025541985,
      "gross_sharpe": -0.2520068186702905,
      "net_cagr_pct": -1.1213163082184785,
      "perm_p": 0.9110222444388902,
      "frac_active": 0.07171748599875545,
      "sharpe_pre2015": -0.4599617851910625,
      "sharpe_post2015": -0.46860175602943976
    }
  },
  "6B=F": {
    "EAFE": {
      "reverse_net_sharpe": 0.1671618425412404,
      "reverse_perm_p": 0.019245188702824295,
      "reverse_net_cagr_pct": 0.447201090437499,
      "n_events": 306,
      "event_mean_bps": -11.495962456005207,
      "event_t": -2.3708091775865703,
      "event_p": 0.0183705503545834,
      "boot_ci_bps": [
        -21.064395329195737,
        -1.7898827252818252
      ],
      "net_sharpe": -0.6038958840889033,
      "gross_sharpe": -0.38595984038457287,
      "net_cagr_pct": -1.7943326092697887,
      "perm_p": 0.9597600599850038,
      "frac_active": 0.09304143862392494,
      "sharpe_pre2015": -0.9131183984286498,
      "sharpe_post2015": -0.19121019327126113
    },
    "ccy": {
      "reverse_net_sharpe": -0.3067947386647318,
      "reverse_perm_p": 0.5876030992251937,
      "reverse_net_cagr_pct": -0.95189617978505,
      "n_events": 306,
      "event_mean_bps": -1.82338624381478,
      "event_t": -0.3675881263123857,
      "event_p": 0.7134353130261805,
      "boot_ci_bps": [
        -11.761820179832164,
        7.934684378959342
      ],
      "net_sharpe": -0.16203288762006687,
      "gross_sharpe": 0.07267978099860772,
      "net_cagr_pct": -0.5234330752317939,
      "perm_p": 0.300674831292177,
      "frac_active": 0.09554339327599687,
      "sharpe_pre2015": 0.12972710194393813,
      "sharpe_post2015": -0.5629469192758689
    }
  },
  "6J=F": {
    "EAFE": {
      "reverse_net_sharpe": -0.2160280328231127,
      "reverse_perm_p": 0.5418645338665333,
      "reverse_net_cagr_pct": -0.7431338324740855,
      "n_events": 306,
      "event_mean_bps": -2.452195563199805,
      "event_t": -0.462197840821532,
      "event_p": 0.6442689785830583,
      "boot_ci_bps": [
        -13.419019511028598,
        7.853782637960371
      ],
      "net_sharpe": -0.1818020471659151,
      "gross_sharpe": 0.017410249250127734,
      "net_cagr_pct": -0.6318181278066604,
      "perm_p": 0.48187953011747064,
      "frac_active": 0.09289617486338798,
      "sharpe_pre2015": -0.34432492456915387,
      "sharpe_post2015": 0.01781185783318534
    },
    "ccy": {
      "reverse_net_sharpe": -0.29003471463951846,
      "reverse_perm_p": 0.6570857285678581,
      "reverse_net_cagr_pct": -0.996334715356495,
      "n_events": 306,
      "event_mean_bps": 0.46385459602961265,
      "event_t": 0.0858594099628443,
      "event_p": 0.9316345133658862,
      "boot_ci_bps": [
        -10.338812248833591,
        10.448020702373805
      ],
      "net_sharpe": -0.11757614991259645,
      "gross_sharpe": 0.08642994073811695,
      "net_cagr_pct": -0.43626504691745005,
      "perm_p": 0.38190452386903273,
      "frac_active": 0.09539422326307573,
      "sharpe_pre2015": -0.1779333833484913,
      "sharpe_post2015": -0.04154262909298741
    }
  },
  "6A=F": {
    "EAFE": {
      "reverse_net_sharpe": 0.0741706202417407,
      "reverse_perm_p": 0.14121469632591852,
      "reverse_net_cagr_pct": 0.19801282142832832,
      "n_events": 306,
      "event_mean_bps": -9.992005446502592,
      "event_t": -1.7380409143649969,
      "event_p": 0.08321286553079334,
      "boot_ci_bps": [
        -21.43183340719444,
        1.1941066223454413
      ],
      "net_sharpe": -0.44065772701098976,
      "gross_sharpe": -0.2576952465122679,
      "net_cagr_pct": -1.5863743450732493,
      "perm_p": 0.9332666833291677,
      "frac_active": 0.09309967141292443,
      "sharpe_pre2015": -0.7175449739854434,
      "sharpe_post2015": -0.014375533540257097
    },
    "ccy": {
      "reverse_net_sharpe": -0.328750858557206,
      "reverse_perm_p": 0.7870532366908273,
      "reverse_net_cagr_pct": -1.25035006679437,
      "n_events": 306,
      "event_mean_bps": 4.090290068423833,
      "event_t": 0.684342171564318,
      "event_p": 0.49427877706620127,
      "boot_ci_bps": [
        -7.684853113848532,
        16.629052646118748
      ],
      "net_sharpe": -0.04147854713089769,
      "gross_sharpe": 0.14384744799505947,
      "net_cagr_pct": -0.21557552814124303,
      "perm_p": 0.2936765808547863,
      "frac_active": 0.09560319198873415,
      "sharpe_pre2015": 0.06849289731935124,
      "sharpe_post2015": -0.22483410844684376
    }
  },
  "6C=F": {
    "EAFE": {
      "reverse_net_sharpe": 0.07880306986469107,
      "reverse_perm_p": 0.04373906523369158,
      "reverse_net_cagr_pct": 0.1742672739438511,
      "n_events": 306,
      "event_mean_bps": -7.560320656827665,
      "event_t": -1.7289039996204323,
      "event_p": 0.0848381881651343,
      "boot_ci_bps": [
        -16.36369466460658,
        0.8074842719841585
      ],
      "net_sharpe": -0.5545640479530684,
      "gross_sharpe": -0.31769160131228785,
      "net_cagr_pct": -1.5058515792057192,
      "perm_p": 0.928767808047988,
      "frac_active": 0.09256378344741754,
      "sharpe_pre2015": -0.7177400453652943,
      "sharpe_post2015": -0.3088336728759259
    },
    "ccy": {
      "reverse_net_sharpe": -0.29243867503167564,
      "reverse_perm_p": 0.5543614096475881,
      "reverse_net_cagr_pct": -0.8175024889753524,
      "n_events": 306,
      "event_mean_bps": -3.139146971694047,
      "event_t": -0.7072647555720775,
      "event_p": 0.47994200050866387,
      "boot_ci_bps": [
        -12.07563596855011,
        5.69643226022794
      ],
      "net_sharpe": -0.19641498756446732,
      "gross_sharpe": 0.04820458809986061,
      "net_cagr_pct": -0.5608916489899252,
      "perm_p": 0.3646588352911772,
      "frac_active": 0.09505289359054138,
      "sharpe_pre2015": -0.06284096204901504,
      "sharpe_post2015": -0.4100097304091217
    }
  },
  "G3_basket_EAFE": {
    "net_sharpe": -0.5650532762061459,
    "net_cagr_pct": -1.3064260255484017,
    "sharpe_pre2015": -0.8599739016368406,
    "sharpe_post2015": -0.18849793315663146
  }
}