{
  "idea_id": "I0009",
  "pre": 5,
  "post": 2,
  "markets": {
    "ZN=F": {
      "label": "10y future",
      "n_events": 266,
      "pre_mean_bps": -2.615640987860803,
      "pre_t": -0.555374506559679,
      "pre_p": 0.5791070473073563,
      "post_mean_bps": 6.167220623652117,
      "post_t": 1.6222351508567021,
      "post_p": 0.10594207732859413,
      "t0_mean_bps": 2.0953583101959197,
      "short_gross_sharpe": -0.0458534086969212,
      "short_net_sharpe": -0.23303858836095376,
      "short_net_cagr_pct": -0.6824846289897657,
      "short_perm_p": 0.5220955808838232,
      "pre_mean_boot_ci_bps": [
        -11.556963178523066,
        6.527364931175471
      ],
      "rel_mean_bps": {
        "-5": -1.658514476740374,
        "-4": 2.8491805329343354,
        "-3": -1.0309447646068535,
        "-2": -2.382761661017803,
        "-1": -0.3086154905514161,
        "0": 2.0953583101959197,
        "1": 1.3861451058466034,
        "2": 2.697265934756527
      }
    },
    "ZB=F": {
      "label": "30y future",
      "n_events": 215,
      "pre_mean_bps": -10.85243490883094,
      "pre_t": -1.1109296932007036,
      "pre_p": 0.2678452352644724,
      "post_mean_bps": 3.04510314880905,
      "post_t": 0.41085264668057747,
      "post_p": 0.6815916844874428,
      "t0_mean_bps": -0.7539668623059527,
      "short_gross_sharpe": 0.2926314576423015,
      "short_net_sharpe": 0.19981155091959937,
      "short_net_cagr_pct": 0.8035687685709725,
      "short_perm_p": 0.02979404119176165,
      "pre_mean_boot_ci_bps": [
        -29.932452738684695,
        8.594995848122633
      ],
      "rel_mean_bps": {
        "-5": 4.338278300534828,
        "-4": -5.198277759076995,
        "-3": -5.68617996960849,
        "-2": -2.914548016532423,
        "-1": -1.2040947183159434,
        "0": -0.7539668623059527,
        "1": 3.0118177500634977,
        "2": 0.9062961199127466
      }
    },
    "IEF": {
      "label": "10y ETF",
      "n_events": 259,
      "pre_mean_bps": -5.924919235280627,
      "pre_t": -1.0512134750502278,
      "pre_p": 0.2941441606847297,
      "post_mean_bps": 9.25834718296876,
      "post_t": 2.0943987724729416,
      "post_p": 0.03720016084139666,
      "t0_mean_bps": 1.4446943982176559,
      "short_gross_sharpe": 0.07932134750043084,
      "short_net_sharpe": -0.09650092016122383,
      "short_net_cagr_pct": -0.37208554785843617,
      "short_perm_p": 0.02559488102379524,
      "pre_mean_boot_ci_bps": [
        -17.075345641838975,
        5.026438677337481
      ],
      "rel_mean_bps": {
        "-5": -1.9747095315751635,
        "-4": 3.8255236510721597,
        "-3": -2.7311779246816372,
        "-2": -3.0479061546950277,
        "-1": -1.8954537058408283,
        "0": 1.4446943982176559,
        "1": 2.890609210429079,
        "2": 4.951783842191212
      }
    },
    "TLT": {
      "label": "20y+ ETF",
      "n_events": 214,
      "pre_mean_bps": -28.812658613225246,
      "pre_t": -2.1463496817010563,
      "pre_p": 0.03297574539826725,
      "post_mean_bps": 4.2372908700066,
      "post_t": 0.40166798564380096,
      "post_p": 0.6883311053312833,
      "t0_mean_bps": -3.757232749928511,
      "short_gross_sharpe": 0.43949226431388244,
      "short_net_sharpe": 0.3677834957949789,
      "short_net_cagr_pct": 2.249582671872785,
      "short_perm_p": 0.0003999200159968006,
      "pre_mean_boot_ci_bps": [
        -54.76806139453975,
        -1.6080626863607803
      ],
      "rel_mean_bps": {
        "-5": 0.6950659353113137,
        "-4": -9.027679914462237,
        "-3": -11.698563695533991,
        "-2": -5.3369838191993795,
        "-1": -3.0035347881549277,
        "0": -3.757232749928511,
        "1": 6.0958693713477725,
        "2": 2.193346725249328
      }
    }
  },
  "rv_10y_vs_30y_pre": {
    "mean_bps": 18.80732720802648,
    "t": 2.570835767219533,
    "p": 0.010706745217694042,
    "n": 259
  }
}