{
  "window": {
    "start": [
      12,
      8
    ],
    "end": [
      12,
      18
    ]
  },
  "rationale": "pre-registered around December WASDE report (~9-12 Dec) + digestion",
  "n_trials_charged_primary": 49,
  "primary": {
    "ticker": "ZC=F",
    "name": "Mais (Corn-Future)",
    "perm_p": 0.0004997501249375312,
    "boot_ci": [
      0.05365335422089688,
      0.7539627255689105
    ],
    "t_p": 9.722943910450145e-06,
    "expectancy_pct": 4.014276266390461,
    "win_rate": 0.9230769230769231,
    "sharpe": 0.4390805251320953,
    "n_trades": 26,
    "bh_sharpe": 0.19420852247903303,
    "exp_is": 5.358931933844889,
    "exp_oos": 2.6696205989360338,
    "years": [
      2000,
      2026
    ],
    "psr": 0.0,
    "robustness_positive": 48,
    "robustness_total": 49
  },
  "cross_instrument": {
    "CORN": {
      "name": "Mais-ETF (Teucrium)",
      "perm_p": 0.8520739630184908,
      "boot_ci": [
        -1.343846097664846,
        -0.3069352774812547
      ],
      "t_p": 0.7736415659231768,
      "expectancy_pct": 0.16281796534299425,
      "win_rate": 0.3125,
      "sharpe": -0.8048902127361702,
      "n_trades": 16,
      "bh_sharpe": -0.08433562402456886,
      "exp_is": -0.012405803188840492,
      "exp_oos": 0.338041733874829,
      "years": [
        2010,
        2026
      ]
    },
    "ZW=F": {
      "name": "Weizen (Wheat)",
      "perm_p": 0.009995002498750625,
      "boot_ci": [
        -0.2538589597626195,
        0.5249181372041127
      ],
      "t_p": 0.0098380850326066,
      "expectancy_pct": 2.749370656180352,
      "win_rate": 0.7307692307692307,
      "sharpe": 0.14482932968610576,
      "n_trades": 26,
      "bh_sharpe": 0.2050613280907675,
      "exp_is": 3.968449381461795,
      "exp_oos": 1.5302919308989094,
      "years": [
        2000,
        2026
      ]
    },
    "ZS=F": {
      "name": "Sojabohnen (Soybeans)",
      "perm_p": 0.6546726636681659,
      "boot_ci": [
        -0.8934167964015675,
        -0.10890941657615764
      ],
      "t_p": 0.44587694027883573,
      "expectancy_pct": 0.46471425212223827,
      "win_rate": 0.5,
      "sharpe": -0.4912708473100895,
      "n_trades": 26,
      "bh_sharpe": 0.1791992515399847,
      "exp_is": 0.9574380980526239,
      "exp_oos": -0.028009593808147302,
      "years": [
        2000,
        2026
      ]
    }
  }
}