{
  "observed_sharpe_vs_market": 0.814,
  "n_perm": 200,
  "p_value": 0.0,
  "null_mean": -0.31829704995005803,
  "null_std": 0.32664543774031873,
  "null_sharpes": [
    -0.4218,
    -0.731,
    -0.6529,
    -0.1628,
    0.5045,
    -0.0903,
    -0.2674,
    -0.1722,
    -0.3275,
    0.0164,
    -0.4653,
    -0.7764,
    -0.5792,
    -0.193,
    -0.197,
    -0.4236,
    -0.4173,
    -0.2337,
    0.1528,
    -0.5962,
    -0.5546,
    0.0095,
    -0.0401,
    -0.2371,
    -0.0785,
    -0.7048,
    -0.2403,
    0.0368,
    0.4731,
    -0.0942,
    -0.1959,
    -0.0017,
    -0.1109,
    -0.2717,
    -0.4206,
    -0.1566,
    -0.6169,
    0.0085,
    -0.5957,
    -0.7534,
    -0.1489,
    0.0887,
    -0.0373,
    -0.4144,
    -0.2837,
    -0.1843,
    -0.3297,
    -0.4765,
    0.0966,
    -0.3716,
    -0.4517,
    -0.4556,
    -0.2451,
    -0.4601,
    -0.8316,
    -0.6333,
    -0.7108,
    -0.1176,
    -0.4229,
    0.0327,
    -0.291,
    -0.418,
    -0.6675,
    -0.4317,
    -0.9626,
    0.2746,
    -0.3957,
    0.0677,
    -0.0636,
    -0.1742,
    -0.1935,
    -0.4008,
    -0.2767,
    -0.4982,
    0.3647,
    -0.2079,
    -0.474,
    -0.4942,
    -0.4438,
    0.2946,
    0.2866,
    -0.167,
    -0.588,
    -0.8278,
    -0.6429,
    0.0981,
    -0.6387,
    -0.7369,
    -0.3901,
    -0.3604,
    -0.0635,
    -0.545,
    0.0902,
    -0.4695,
    -0.3673,
    0.0087,
    -0.7148,
    -0.7847,
    -0.1281,
    -0.2984,
    -0.5557,
    0.0157,
    -0.7171,
    -0.656,
    -0.5825,
    -0.5021,
    -0.2779,
    -0.2118,
    -0.9054,
    -0.4122,
    -0.6062,
    -0.7385,
    -0.0864,
    0.5529,
    -0.5015,
    0.1387,
    -0.6412,
    0.1094,
    -0.5749,
    -0.5032,
    -0.4875,
    -0.4294,
    -0.421,
    -0.4575,
    -0.5788,
    -0.6831,
    -0.4538,
    -0.6821,
    -0.1632,
    -0.7543,
    -0.1787,
    -0.3842,
    -0.4201,
    0.1316,
    -0.8684,
    -0.4647,
    -0.4915,
    -0.6937,
    0.145,
    -0.6765,
    -0.0306,
    -0.6528,
    -0.2942,
    -0.2167,
    -0.1724,
    -0.4309,
    -0.5468,
    -0.4768,
    0.5909,
    -0.1376,
    -0.2124,
    -0.3177,
    0.2652,
    -0.288,
    -1.1309,
    -0.566,
    -0.5715,
    0.1539,
    0.1342,
    -0.1551,
    -0.1649,
    -0.9878,
    -0.3733,
    -0.2336,
    0.3327,
    -0.2856,
    -0.7866,
    -0.1783,
    -0.2718,
    -0.4602,
    0.1656,
    -0.158,
    -0.4366,
    0.2854,
    -0.7578,
    -0.7725,
    -1.0886,
    -0.7748,
    -0.2598,
    -0.6598,
    0.0962,
    -0.7045,
    -0.0171,
    -0.6478,
    -0.2656,
    0.1176,
    -0.4139,
    -0.0365,
    -0.4507,
    -0.1623,
    -0.1341,
    -0.18,
    0.0443,
    0.4178,
    0.0174,
    -0.4102,
    -0.5883,
    -0.3825,
    -0.594,
    -0.2076
  ]
}