{
  "observed_sharpe_vs_market": 0.777,
  "n_perm": 200,
  "p_value": 0.0,
  "null_mean": -0.33496591716760415,
  "null_std": 0.290248016805744,
  "null_sharpes": [
    -0.507,
    -0.7429,
    -0.2195,
    -0.4402,
    0.3151,
    -0.2089,
    -0.6711,
    -0.2562,
    -0.1548,
    0.4636,
    -0.2084,
    -0.6769,
    -0.771,
    -0.5551,
    -0.1205,
    -0.3175,
    -0.2792,
    0.1424,
    -0.2976,
    0.0307,
    -0.2988,
    0.4655,
    -0.2625,
    -0.6146,
    -0.276,
    -1.0652,
    -0.0116,
    -0.2262,
    -0.1937,
    -0.146,
    -0.5495,
    -0.0025,
    -0.8215,
    -0.6029,
    -0.4646,
    0.071,
    -0.0858,
    -0.5397,
    -0.3517,
    -0.4488,
    -0.7611,
    -0.4034,
    0.0766,
    -0.5592,
    -0.4754,
    -0.6303,
    -0.4677,
    0.0336,
    -0.0861,
    -0.0365,
    -0.6479,
    0.2118,
    -0.3263,
    -0.1982,
    -0.4623,
    -0.2207,
    -0.4869,
    -0.2181,
    -0.1178,
    -0.3696,
    0.1546,
    -0.1401,
    -0.0462,
    -0.3035,
    -0.5452,
    -0.1649,
    0.0552,
    -0.2886,
    -0.592,
    -0.0595,
    0.0465,
    0.0479,
    -0.334,
    -0.9423,
    -0.4091,
    -0.5129,
    -0.6247,
    -0.4051,
    -0.5925,
    -0.0512,
    -0.4344,
    -0.038,
    -0.4387,
    -0.2294,
    -0.3594,
    -0.227,
    -0.1424,
    -0.5102,
    -0.45,
    -0.2766,
    -0.1703,
    0.1722,
    -0.3414,
    -0.5207,
    0.007,
    -0.4611,
    -0.2901,
    -0.7865,
    -0.6354,
    -0.3456,
    -0.0461,
    -0.6102,
    -0.8589,
    -0.1354,
    -0.6946,
    0.065,
    -0.0801,
    -0.0683,
    -0.3576,
    -0.2769,
    -0.3022,
    -0.3173,
    -0.5849,
    0.5026,
    -0.4766,
    -0.4345,
    -0.0849,
    0.0926,
    -0.6947,
    -0.8123,
    -0.3177,
    -0.4031,
    -0.7917,
    -0.2462,
    0.1836,
    -0.3723,
    -0.0919,
    -0.4514,
    -0.2302,
    -0.1516,
    0.0777,
    -0.5141,
    -0.4648,
    -0.1938,
    -0.5299,
    -0.3513,
    0.1723,
    -0.344,
    -0.7064,
    0.0172,
    -0.7833,
    -0.7903,
    -0.7745,
    -1.1115,
    -0.4919,
    -0.3085,
    -0.1201,
    -0.656,
    -0.4218,
    -0.5451,
    -0.2925,
    -0.5484,
    -1.1217,
    -0.25,
    0.1214,
    -0.6562,
    -0.2547,
    -0.5254,
    -0.4767,
    -0.4535,
    -0.1147,
    -0.3688,
    -0.601,
    -0.3069,
    -0.428,
    -0.2331,
    -0.6124,
    -0.6523,
    -0.326,
    0.1004,
    -0.5431,
    -0.0618,
    -0.2451,
    0.0153,
    -0.5304,
    -0.3536,
    -0.4627,
    -0.2883,
    0.0319,
    -0.148,
    -0.1194,
    -0.3989,
    -0.0252,
    -0.6206,
    -0.3286,
    -0.3963,
    -0.344,
    -0.6902,
    -0.1732,
    -1.0794,
    -0.1956,
    -0.407,
    -0.5953,
    -0.1611,
    -0.4617,
    -0.3349,
    -0.7143,
    -0.3025,
    -0.4907,
    -0.4482
  ]
}