{
  "configs": {
    "1/N-Baseline (f klein, kein VIX)": {
      "cagr": 0.025858176800358068,
      "sharpe": 0.15769047799078545,
      "sortino": 0.19998298219735838,
      "maxdd": -0.10201286047617919,
      "worst_day": -0.0453753358096097,
      "uw": 825,
      "win": 0.7155995755217545,
      "n_trades": 2827,
      "avg_deploy": 0.11223304409420931
    },
    "Deploy f=0.15, cap100, kein VIX": {
      "cagr": 0.04553113716523738,
      "sharpe": 0.3727355838031764,
      "sortino": 0.47235052379901515,
      "maxdd": -0.16881996936123356,
      "worst_day": -0.06302129973556907,
      "uw": 825,
      "win": 0.7155995755217545,
      "n_trades": 2827,
      "avg_deploy": 0.23631131574287229
    },
    "Deploy f=0.15, cap100, VIX-entry<30": {
      "cagr": 0.03987292351898897,
      "sharpe": 0.3109870164276357,
      "sortino": 0.39129553940790224,
      "maxdd": -0.16896443757473412,
      "worst_day": -0.06302129973556907,
      "uw": 1322,
      "win": 0.7121716611172771,
      "n_trades": 2703,
      "avg_deploy": 0.22711174074729945
    },
    "Deploy f=0.15, cap80, VIX e<30 x>40": {
      "cagr": 0.029050488548986397,
      "sharpe": 0.18091140698285665,
      "sortino": 0.22383009477316537,
      "maxdd": -0.1458432179630691,
      "worst_day": -0.05041703978845524,
      "uw": 1594,
      "win": 0.7118017018128006,
      "n_trades": 2703,
      "avg_deploy": 0.20603860456879758
    },
    "Deploy f=0.20, cap100, VIX e<28 x>38": {
      "cagr": 0.034871439620565825,
      "sharpe": 0.23410266833309976,
      "sortino": 0.28904035337941275,
      "maxdd": -0.17300856010526278,
      "worst_day": -0.06302129973556904,
      "uw": 1364,
      "win": 0.7087891361750283,
      "n_trades": 2651,
      "avg_deploy": 0.26318399149991145
    },
    "Deploy f=0.15, cap70, VIX e<30 x>40 +Stop8%": {
      "cagr": 0.025120588982911363,
      "sharpe": 0.12158213738837782,
      "sortino": 0.15163404800215227,
      "maxdd": -0.14143162287413658,
      "worst_day": -0.036637828916233434,
      "uw": 1898,
      "win": 0.7122275581824898,
      "n_trades": 2707,
      "avg_deploy": 0.19245617141845225
    }
  },
  "best": "Deploy f=0.15, cap100, kein VIX",
  "battery": {
    "perm_p": 0.37881059470264866,
    "dsr": 0.9556868774447093,
    "is": 0.39691353328201034,
    "oos": 0.3477157580692826
  }
}