{
  "idea_ids": [
    "I0060",
    "I0061",
    "I0063"
  ],
  "I0060_brent_wti": {
    "adf_p": 0.020018215285946647,
    "half_life_d": 22.061008083894894,
    "n_obs": 4633,
    "frac_active": 0.4401036045758688,
    "n_entries": 109,
    "gross_sharpe": 0.2226499877789304,
    "net_sharpe": 0.1928616335414224,
    "perm_p": 0.19145213696575855,
    "is_sharpe": 0.10483859691884281,
    "oos_sharpe": 0.232704732079425
  },
  "I0061": {
    "corn/wheat": {
      "adf_p": 0.0003192216645786982,
      "half_life_d": 108.09132829180665,
      "n_obs": 5336,
      "frac_active": 0.5200524737631185,
      "n_entries": 101,
      "gross_sharpe": 0.23938420604863242,
      "net_sharpe": 0.1551461769103143,
      "perm_p": 0.13121719570107473,
      "is_sharpe": 0.06344425885773584,
      "oos_sharpe": 0.23892202680971453
    },
    "soy/corn": {
      "adf_p": 0.00025827062233824605,
      "half_life_d": 94.77985158609565,
      "n_obs": 5336,
      "frac_active": 0.5376686656671664,
      "n_entries": 100,
      "gross_sharpe": 0.36677022881601357,
      "net_sharpe": 0.27353871543583835,
      "perm_p": 0.04423894026493377,
      "is_sharpe": 0.37946435301619974,
      "oos_sharpe": 0.15192864418598961
    }
  },
  "I0063": {
    "corn Jul/Dec": {
      "adf_p": 0.41702021961972024,
      "half_life_d": 22.226894639544668,
      "n_obs": 2419,
      "frac_active": 0.48739148408433236,
      "n_entries": 63,
      "gross_sharpe": 0.41498142900372825,
      "net_sharpe": 0.4147542479256048,
      "perm_p": 0.07773056735816046,
      "is_sharpe": 0.8209649024122483,
      "oos_sharpe": 0.17314239294344105,
      "n_segments": 16
    },
    "natgas Mar/Apr": {
      "adf_p": 0.7974425417631414,
      "half_life_d": 47.701545334677,
      "n_obs": 2764,
      "frac_active": 0.5202604920405209,
      "n_entries": 74,
      "gross_sharpe": -0.006991941569067762,
      "net_sharpe": -0.023084565695563063,
      "perm_p": 0.2181954511372157,
      "is_sharpe": 0.3877735548185055,
      "oos_sharpe": -0.19817958581183753,
      "n_segments": 15
    },
    "rbob Jul/Nov": {
      "adf_p": 0.6474261979087053,
      "half_life_d": 12.661391969707257,
      "n_obs": 1840,
      "frac_active": 0.5929347826086957,
      "n_entries": 42,
      "gross_sharpe": -0.11692325956041492,
      "net_sharpe": -0.15494625435107276,
      "perm_p": 0.5516120969757561,
      "is_sharpe": 0.31466531658831226,
      "oos_sharpe": -0.3429572886813515,
      "n_segments": 14
    }
  }
}