{
  "ticker": "NDAQ",
  "name": "Nasdaq, Inc.",
  "isin": "US6311031081",
  "window": {
    "start": [
      6,
      11
    ],
    "end": [
      9,
      1
    ]
  },
  "sample": {
    "first_year": 2002,
    "last_year": 2026,
    "mid_year": 2014
  },
  "n_trials_charged": 121,
  "full_sample": {
    "metrics": {
      "total_return": 1.9100700380420226,
      "cagr": 0.04572914893738056,
      "annual_volatility": 0.16707308275489893,
      "sharpe": 0.2321465195592772,
      "sortino": 0.33929939362451095,
      "calmar": 0.11334702913729403,
      "max_drawdown": -0.4034437363328698,
      "max_drawdown_duration_days": 1281,
      "n_periods": 6020
    },
    "trades": {
      "n_trades": 24,
      "win_rate": 0.6666666666666666,
      "profit_factor": 2.8997696544679132,
      "payoff_ratio": 1.4498848272339566,
      "expectancy": 0.05493562998768068,
      "avg_holding_days": 57.291666666666664,
      "avg_win": 0.12577893778809526,
      "avg_loss": 0.08675098561314849
    },
    "exposure": 0.22840531561461794,
    "psr": 0.0
  },
  "in_sample": {
    "metrics": {
      "total_return": 0.05215248068277223,
      "cagr": 0.0040766222395269835,
      "annual_volatility": 0.21495610861519676,
      "sharpe": 0.0335903037099433,
      "sortino": 0.04894582270808327,
      "calmar": 0.010081303385842512,
      "max_drawdown": -0.4043745221725904,
      "max_drawdown_duration_days": 2777,
      "n_periods": 3149
    },
    "trades": {
      "n_trades": 13,
      "win_rate": 0.5384615384615384,
      "profit_factor": 1.3184235680985952,
      "payoff_ratio": 1.13007734408451,
      "expectancy": 0.016884178151237383,
      "avg_holding_days": 56.84615384615385,
      "avg_win": 0.12982998039883215,
      "avg_loss": 0.11488592447095651
    },
    "exposure": 0.2346776754525246,
    "psr": 0.0
  },
  "out_of_sample": {
    "metrics": {
      "total_return": 1.7420031657967363,
      "cagr": 0.092574614104036,
      "annual_volatility": 0.08863804124642273,
      "sharpe": 0.8196379179586,
      "sortino": 1.3010901923596814,
      "calmar": 0.7808804138111521,
      "max_drawdown": -0.11855158929165333,
      "max_drawdown_duration_days": 485,
      "n_periods": 2871
    },
    "trades": {
      "n_trades": 11,
      "win_rate": 0.8181818181818182,
      "profit_factor": 121.30195605985439,
      "payoff_ratio": 26.9559902355232,
      "expectancy": 0.09912275660958532,
      "avg_holding_days": 57.81818181818182,
      "avg_win": 0.12215708544890197,
      "avg_loss": 0.004531723167339654
    },
    "exposure": 0.22152560083594566,
    "psr": 0.0
  },
  "buy_hold_full": {
    "total_return": 20.67754927417733,
    "cagr": 0.1374334805094657,
    "annual_volatility": 0.3692528650531101,
    "sharpe": 0.4785798491943068,
    "sortino": 0.6450655779828367,
    "calmar": 0.2006914193873867,
    "max_drawdown": -0.6847999826249835,
    "max_drawdown_duration_days": 1758,
    "n_periods": 6020
  },
  "significance_full": {
    "permutation": {
      "observed": 0.2321465195592772,
      "p_value": 0.3073463268365817,
      "null_mean": 0.14169650899089,
      "null_std": 0.17516764554751713,
      "n_perm": 2000,
      "metric": "sharpe"
    },
    "bootstrap_sharpe_ci": {
      "statistic": "sharpe",
      "point": 0.23986175007815985,
      "ci_low": -0.1580217492649959,
      "ci_high": 0.6363359490644098,
      "alpha": 0.05
    },
    "t_test": {
      "t_stat": 1.7139825222974074,
      "p_value": 0.08658342141612155,
      "n": 6020
    },
    "psr_deflated": 0.0,
    "expected_max_sharpe_null": 2.5969570047767614
  },
  "robustness": {
    "shifts": [
      -10,
      -8,
      -6,
      -4,
      -2,
      0,
      2,
      4,
      6,
      8,
      10
    ],
    "expectancy_pct": [
      [
        3.7856231365500204,
        3.711412149951305,
        3.326880538459503,
        3.2523829092375682,
        2.8808604201726773,
        4.244106584461152,
        4.113034567431942,
        2.856232933481318,
        3.664588212010645,
        3.4488811880019794,
        3.624065136544389
      ],
      [
        3.8754602263167874,
        3.792622164915755,
        3.394272578450914,
        3.3177515241656486,
        2.94363620813013,
        4.302926394616561,
        4.171750286648241,
        2.9388074648187126,
        3.7478128207998047,
        3.5229038167115423,
        3.7177307085353113
      ],
      [
        4.11216769397724,
        4.044978200993095,
        3.6569544640080958,
        3.586536873588148,
        3.2077427190687633,
        4.563733986926315,
        4.430191402892208,
        3.197862051343937,
        4.000960373373787,
        3.785215947481497,
        3.9778504704870996
      ],
      [
        4.57841097970911,
        4.5311093231447375,
        4.127678895102753,
        4.06789335064226,
        3.6867583724922457,
        5.061067399439525,
        4.927343213224891,
        3.6917209394928334,
        4.506254132268245,
        4.285300852777199,
        4.498723878733673
      ],
      [
        4.955647885323533,
        4.928843358266586,
        4.52313549110791,
        4.482706532670045,
        4.095369440908471,
        5.4810876381254445,
        5.351231027898332,
        4.073656235373808,
        4.909859831609629,
        4.689950497694418,
        4.890250278333703
      ],
      [
        5.01985957982933,
        4.978007807199559,
        4.574773210538739,
        4.525749977347138,
        4.143648776676699,
        5.493562998768068,
        5.350744745669189,
        4.0804709868417275,
        4.917031648428965,
        4.700493480035844,
        4.8992480596096195
      ],
      [
        4.718239055515805,
        4.650478357889925,
        4.236715350826527,
        4.180736755757411,
        3.7918412636637706,
        5.123360975779643,
        4.990873314598439,
        3.7239487726425096,
        4.567071160266572,
        4.341371968668495,
        4.528811999606897
      ],
      [
        5.281047357997994,
        5.2409577950942525,
        4.8199425555520925,
        4.7692637846827814,
        4.380264040604787,
        5.718902123449529,
        5.585671102043008,
        4.301381659583335,
        5.151555277893117,
        4.929862651473094,
        5.134789023635366
      ],
      [
        5.647510992480591,
        5.633439112934454,
        5.225015512522505,
        5.182167414980033,
        4.795631752644264,
        6.159193054654112,
        6.033426503607645,
        4.723060387191522,
        5.575796474413627,
        5.3521656599663565,
        5.539806266815242
      ],
      [
        4.957452824098115,
        4.9081405967298934,
        4.510737695790499,
        4.44948073644868,
        4.068714621317874,
        5.413947521707648,
        5.292806872504279,
        3.999252735135218,
        4.835950669070569,
        4.607936763037484,
        4.7854170087767915
      ],
      [
        5.430597911048402,
        5.400503326617301,
        5.004088487999797,
        4.949243336258732,
        4.569440404543645,
        5.924818691943442,
        5.799661195750863,
        4.483547619491031,
        5.328491956590675,
        5.102748353244588,
        5.2796406864584675
      ]
    ],