{
  "I0038_usd": {
    "timed_sharpe": 0.8620194225322835,
    "bh_basket_sharpe": 0.3364993091298109,
    "perm_p": 0.0024993751562109472,
    "frac_long": 0.49178940240392754
  },
  "I0039_slope": {
    "regime_sharpe": 0.5460491138118879,
    "static_6040_sharpe": 0.8308252859119064,
    "frac_spy": 0.8661561511569835
  },
  "I0040_coppergold": {
    "timed_sharpe": 0.7122709065327032,
    "spy_bh_sharpe": 0.6732495258418212,
    "perm_p": 0.0947263184203949,
    "frac_long": 0.49110018647228343
  }
}