{
  "idea_ids": [
    "I0054",
    "I0055"
  ],
  "post_window": 2,
  "I0054": {
    "IEF": {
      "label": "10y ETF",
      "n_events": 258,
      "post_mean_bps": 7.6529954883478775,
      "post_t": 2.004325289563045,
      "post_p": 0.04608439463869477,
      "post_boot_ci_bps": [
        0.061773083400421015,
        15.245718869175471
      ],
      "long_gross_sharpe": 0.4262302839454023,
      "long_net_sharpe": 0.15359577750352504,
      "long_net_cagr_pct": 0.3049534413818611,
      "long_perm_p": 0.0593881223755249,
      "splits": {
        "is": 0.47980599841250293,
        "oos": -0.12521969758065435,
        "ex2022": 0.20978294280096352
      },
      "rel_mean_bps": {
        "-1": -2.010559220981794,
        "0": 1.4874898749843921,
        "1": 2.632909704200763,
        "2": 5.03671134657205,
        "3": 4.185930300160515
      }
    },
    "TLT": {
      "label": "30y ETF",
      "n_events": 214,
      "post_mean_bps": 8.133481964584318,
      "post_t": 0.9765182588932937,
      "post_p": 0.32991545625724505,
      "post_boot_ci_bps": [
        -7.59291027068986,
        24.820775233243857
      ],
      "long_gross_sharpe": 0.20100899146911355,
      "long_net_sharpe": 0.08225414543286569,
      "long_net_cagr_pct": 0.25081941831992527,
      "long_perm_p": 0.2403519296140772,
      "splits": {
        "is": 0.5758284395877892,
        "oos": -0.2225211412373338,
        "ex2022": 0.2363683867010125
      },
      "rel_mean_bps": {
        "-1": -3.0035347881549277,
        "0": -3.757232749928511,
        "1": 6.0958693713477725,
        "2": 2.193346725249328,
        "3": -4.627378789135921
      }
    },
    "ZN=F": {
      "label": "10y fut",
      "n_events": 266,
      "post_mean_bps": 4.07920716586192,
      "post_t": 1.2408831586116842,
      "post_p": 0.2157463073074311,
      "post_boot_ci_bps": [
        -2.2753051547142387,
        10.609813741298092
      ],
      "long_gross_sharpe": 0.2413396283234683,
      "long_net_sharpe": -0.055646611522866575,
      "long_net_cagr_pct": -0.11312281707385186,
      "long_perm_p": 0.1341731653669266,
      "splits": {
        "is": 0.20397932369211408,
        "oos": -0.3076255076175095,
        "ex2022": 0.0024299563971149577
      },
      "rel_mean_bps": {
        "-1": -0.3086154905514161,
        "0": 2.0953583101959197,
        "1": 1.3861451058466034,
        "2": 2.697265934756527,
        "3": 2.7202889310006695
      }
    },
    "ZB=F": {
      "label": "30y fut",
      "n_events": 215,
      "post_mean_bps": 3.8621580174145547,
      "post_t": 0.6473147405256853,
      "post_p": 0.5181220342388498,
      "post_boot_ci_bps": [
        -7.285765995416327,
        15.660265842554237
      ],
      "long_gross_sharpe": 0.11997626722483933,
      "long_net_sharpe": -0.03558468250989098,
      "long_net_cagr_pct": -0.13296707863210688,
      "long_perm_p": 0.3349330133973205,
      "splits": {
        "is": 0.5101128117164401,
        "oos": -0.3969216994222774,
        "ex2022": 0.11665424027615258
      },
      "rel_mean_bps": {
        "-1": -1.2040947183159434,
        "0": -0.7539668623059527,
        "1": 3.0118177500634977,
        "2": 0.9062961199127466,
        "3": -8.860358317902193
      }
    }
  },
  "I0055": {
    "all_short_mean_bps": 28.91331266184233,
    "n": 215,
    "vol_hi_bps": 44.79986017219279,
    "vol_lo_bps": 40.92215796173988,
    "n_vol_hi": 61,
    "n_vol_lo": 76,
    "size_hi_bps": 21.6121397779987,
    "size_lo_bps": 56.87121409825786,
    "n_size_hi": 154,
    "n_size_lo": 36
  }
}