{
  "idea_id": "I0010",
  "window": {
    "before": 2,
    "after": 0
  },
  "oos_start": "2014-01-01",
  "ief_headline": {
    "days_long_frac": 0.09572165806559015,
    "gross": {
      "total_return": 0.3142418887123932,
      "cagr": 0.011529503631440008,
      "annual_volatility": 0.022172063271876236,
      "sharpe": -0.3650540339869788,
      "sortino": -0.5552194592610373,
      "calmar": 0.28168076750308535,
      "max_drawdown": -0.04093109988886168,
      "max_drawdown_duration_days": 819,
      "n_periods": 6007
    },
    "net": {
      "total_return": 0.12745287974277386,
      "cagr": 0.005045174999423807,
      "annual_volatility": 0.022054826371069043,
      "sharpe": -0.6587135475334532,
      "sortino": -0.982932178024558,
      "calmar": 0.06777700383978545,
      "max_drawdown": -0.07443785817605386,
      "max_drawdown_duration_days": 2829,
      "n_periods": 6007
    },
    "buy_hold": {
      "total_return": 1.322311580610021,
      "cagr": 0.035978521070461955,
      "annual_volatility": 0.0680637513404309,
      "sharpe": 0.26241067339297564,
      "sortino": 0.3994665769637105,
      "calmar": 0.1503820121600706,
      "max_drawdown": -0.23924750409753437,
      "max_drawdown_duration_days": 1471,
      "n_periods": 6007
    },
    "trades": {
      "n_trades": 288,
      "win_rate": 0.4930555555555556,
      "profit_factor": 1.195131258741863,
      "payoff_ratio": 1.2287969280021973,
      "expectancy": 0.00043687150905268057,
      "avg_holding_days": 1.9965277777777777,
      "avg_win": 0.005426835103744559,
      "avg_loss": 0.004416380754277777
    }
  },
  "diagnostic": {
    "eom_day_mean_bps": 4.8542713095375385,
    "rest_day_mean_bps": 1.138970842716147,
    "eom_days": 575,
    "rest_days": 5432,
    "eom_total_return_pct": 31.424188871239323,
    "rest_total_return_pct": 76.70351253872015,
    "share_of_gain_on_eom_pct": 29.06210754642463,
    "held_frac": 0.09572165806559015
  },
  "is_oos_net": {
    "IS 2002-2013": {
      "net_sharpe": 0.21809107767454874,
      "gross_sharpe": 0.4883888578532231,
      "net_cagr_pct": 0.4862681711593764
    },
    "OOS 2014-2026": {
      "net_sharpe": 0.26232013120632347,
      "gross_sharpe": 0.5720740773072562,
      "net_cagr_pct": 0.5212946464712154
    },
    "recent 2018-2026": {
      "net_sharpe": 0.3453460928724691,
      "gross_sharpe": 0.6332580382832041,
      "net_cagr_pct": 0.7463523940437478
    },
    "2022 crash year": {
      "net_sharpe": 0.09611311522597847,
      "gross_sharpe": 0.27677686395312884,
      "net_cagr_pct": 0.27973354047208243
    }
  },
  "significance": {
    "permutation": {
      "observed": -0.3650540339869788,
      "p_value": 0.01979604079184163,
      "null_mean": -0.7725352038240071,
      "null_std": 0.1995203734006174,
      "n_perm": 5000,
      "metric": "sharpe"
    },
    "bootstrap_net": {
      "statistic": "sharpe",
      "point": 0.29772294121211224,
      "ci_low": -0.7562590751924473,
      "ci_high": 1.36493783820926,
      "alpha": 0.05
    },
    "t_test_eom_day": {
      "t_stat": 2.5899903727224003,
      "p_value": 0.00984154661256594,
      "n": 575
    },
    "deflated_sharpe": {
      "observed_sharpe": 0.033268132280563904,
      "expected_max_sharpe_under_null": 0.023232151108527763,
      "sharpe_variance_used": 0.0001665001665001665,
      "n_trials": 16,
      "psr_deflated": 0.7830784975398559
    },
    "n_trials": 16
  },
  "robustness_grid_net_sharpe": {
    "b1_a0": -0.4911177204631533,
    "b1_a1": -0.30147888851967036,
    "b1_a2": -0.4856094897597479,
    "b1_a3": -0.2711598103288057,
    "b2_a0": 0.23920353632576496,
    "b2_a1": 0.23689835279957916,
    "b2_a2": -0.003988810501637347,
    "b2_a3": 0.1362928633775612,
    "b3_a0": 0.5672894179571396,
    "b3_a1": 0.5244079931268485,
    "b3_a2": 0.2757452952249856,
    "b3_a3": 0.3805463523525827,
    "b4_a0": 0.665855799262208,
    "b4_a1": 0.6251283842806297,
    "b4_a2": 0.393875565251155,
    "b4_a3": 0.4836829786909658
  },
  "cross_market": {
    "IEF_10y": {
      "label": "IEF (10y)",
      "span": "2002-07-30..2026-06-12",
      "net_sharpe": 0.23920353632576496,
      "gross_sharpe": 0.5281152275878331,
      "bh_sharpe": 0.5533644482015672,
      "eom_day_mean_bps": 4.8542713095375385,
      "rest_day_mean_bps": 1.138970842716147,
      "permutation_p": 0.01979604079184163,
      "boot_eom_mean_bps_ci": [
        1.3062294842287325,
        8.53267307429599
      ],
      "n_eom_days": 575
    },
    "TLT_long": {
      "label": "TLT (20y+)",
      "span": "2002-07-30..2026-06-12",
      "net_sharpe": 0.2861924300013891,
      "gross_sharpe": 0.42047922284066036,
      "bh_sharpe": 0.32638694331292006,
      "eom_day_mean_bps": 8.250200203622361,
      "rest_day_mean_bps": 1.175355717078263,
      "permutation_p": 0.036192761447710456,
      "boot_eom_mean_bps_ci": [
        0.6450407323326085,
        16.035948988828615
      ],
      "n_eom_days": 575
    },
    "SHY_short_placebo": {
      "label": "SHY (1-3y placebo)",
      "span": "2002-07-30..2026-06-12",
      "net_sharpe": -0.3625697060764055,
      "gross_sharpe": 0.9344223568546473,
      "bh_sharpe": 1.3022381962120402,
      "eom_day_mean_bps": 1.966563014554067,
      "rest_day_mean_bps": 0.6609286137074788,
      "permutation_p": 0.004399120175964807,
      "boot_eom_mean_bps_ci": [
        1.141482149593384,
        2.8103098741586194
      ],
      "n_eom_days": 575
    }
  },
  "zn_future_crosscheck": {
    "label": "ZN=F (10y future)",
    "span": "2000-09-21..2026-06-03",
    "net_sharpe": 0.14984197376163375,
    "gross_sharpe": 0.4553111430592571,
    "bh_sharpe": 0.08855807768243015,
    "eom_day_mean_bps": 3.7085487713655096,
    "rest_day_mean_bps": -0.1549290920400328,
    "permutation_p": 0.008198360327934412,
    "boot_eom_mean_bps_ci": [
      0.5609351796524931,
      6.862135259004603
    ],
    "n_eom_days": 619,
    "eom_mean_bps_by_5y": {
      "2000": 4.86173833572855,
      "2005": 7.212152951693307,
      "2010": 1.3515823980958148,
      "2015": 0.004156585696774018,
      "2020": 6.414699584793191,
      "2025": -0.0855094871744634
    }
  }
}