{
  "idea_ids": [
    "I0064",
    "I0065"
  ],
  "I0064": {
    "ungated": {
      "sharpe": 0.6024145031611302,
      "cagr_pct": 17.56286580007704,
      "maxdd_pct": -91.80403376806161,
      "worst_day_pct": -43.05105868635464,
      "kurtosis": 9.415582393511652
    },
    "gated": {
      "thr1.00": {
        "sharpe": 0.7780067978876051,
        "cagr_pct": 32.16145304591625,
        "maxdd_pct": -62.53334165894191,
        "worst_day_pct": -33.58150390794214,
        "kurtosis": 6.071604172771612,
        "frac_in": 0.9221850038649833
      },
      "thr1.05": {
        "sharpe": 0.586214822778313,
        "cagr_pct": 17.88889575430368,
        "maxdd_pct": -64.83202115042394,
        "worst_day_pct": -33.58150390794214,
        "kurtosis": 8.457661767217367,
        "frac_in": 0.811131151765009
      },
      "thr1.10": {
        "sharpe": 0.5957504404264979,
        "cagr_pct": 17.222304522050624,
        "maxdd_pct": -71.39970500296717,
        "worst_day_pct": -25.014890724709815,
        "kurtosis": 10.726311808662807,
        "frac_in": 0.6338572532852358
      }
    },
    "perm_p_thr1.05": 0.38090477380654836,
    "stress": {
      "ungated_feb2018": {
        "sharpe": -3.6844526982853663,
        "ret_pct": -47.507675255504225,
        "worst_day_pct": -34.23654262554643
      },
      "gated_feb2018": {
        "sharpe": -3.3048855620690056,
        "ret_pct": -15.984027660095323,
        "worst_day_pct": -13.602334874064837
      },
      "ungated_mar2020": {
        "sharpe": -6.191921215084252,
        "ret_pct": -83.29775156665389,
        "worst_day_pct": -39.09858811069542
      },
      "gated_mar2020": {
        "sharpe": -4.007484345682728,
        "ret_pct": -9.534386916766802,
        "worst_day_pct": -6.5160730664008515
      }
    }
  },
  "I0065": {
    "mean_vrp": {
      "equity": 3.5851713999569337,
      "fx": 1.023797983526988,
      "gold": 2.4769620429490975,
      "oil": 5.92607000109029
    },
    "vrp_corr": {
      "equity": {
        "equity": 1.0,
        "fx": 0.3,
        "gold": 0.27,
        "oil": 0.22
      },
      "fx": {
        "equity": 0.3,
        "fx": 1.0,
        "gold": 0.26,
        "oil": 0.19
      },
      "gold": {
        "equity": 0.27,
        "fx": 0.26,
        "gold": 1.0,
        "oil": 0.18
      },
      "oil": {
        "equity": 0.22,
        "fx": 0.19,
        "gold": 0.18,
        "oil": 1.0
      }
    },
    "eq_shortvol_when_eq_VRP_top": -1.8992896144302673,
    "eq_shortvol_when_eq_VRP_not_top": 1.5562488918806883
  }
}