{
  "ticker": "PA=F",
  "name": "Palladium (Palladium-Future)",
  "window": {
    "start": [
      12,
      6
    ],
    "end": [
      1,
      25
    ],
    "wraps_year": true
  },
  "sample": {
    "first_year": 2000,
    "last_year": 2026,
    "mid_year": 2013,
    "split_date": "2013-07-01"
  },
  "n_trials_charged": 121,
  "full_sample": {
    "metrics": {
      "total_return": 6.758415084376281,
      "cagr": 0.08704322889603278,
      "annual_volatility": 0.18804072872466446,
      "sharpe": 0.42138103392828175,
      "sortino": 0.8446898018597875,
      "calmar": 0.3134788208794571,
      "max_drawdown": -0.27766861139720744,
      "max_drawdown_duration_days": 1244,
      "n_periods": 6186
    },
    "trades": {
      "n_trades": 27,
      "win_rate": 0.6666666666666666,
      "profit_factor": 7.062025012559157,
      "payoff_ratio": 3.5310125062795787,
      "expectancy": 0.09017013417597175,
      "avg_holding_days": 30.703703703703702,
      "avg_win": 0.15756708565634123,
      "avg_loss": 0.04462376878476719
    },
    "exposure": 0.1340122858066602,
    "psr": 0.0
  },
  "in_sample": {
    "metrics": {
      "total_return": 2.6889821716106823,
      "cagr": 0.11842926934079112,
      "annual_volatility": 0.21862888668538752,
      "sharpe": 0.5106893111620578,
      "sortino": 1.3357794385216213,
      "calmar": 0.5188876054746784,
      "max_drawdown": -0.22823684376205522,
      "max_drawdown_duration_days": 751,
      "n_periods": 2939
    },
    "trades": {
      "n_trades": 14,
      "win_rate": 0.7857142857142857,
      "profit_factor": 12.850713989123435,
      "payoff_ratio": 3.5047401788518457,
      "expectancy": 0.1096767646905485,
      "avg_holding_days": 28.214285714285715,
      "avg_win": 0.15136752940240006,
      "avg_loss": 0.04318937258624065
    },
    "exposure": 0.1343994555971419,
    "psr": 0.0
  },
  "out_of_sample": {
    "metrics": {
      "total_return": 1.1031316291205622,
      "cagr": 0.059375643194805816,
      "annual_volatility": 0.15523091784549192,
      "sharpe": 0.32129840946277216,
      "sortino": 0.4881994996561634,
      "calmar": 0.21383635296777703,
      "max_drawdown": -0.27766861139720767,
      "max_drawdown_duration_days": 1244,
      "n_periods": 3248
    },
    "trades": {
      "n_trades": 13,
      "win_rate": 0.5384615384615384,
      "profit_factor": 4.305027729791081,
      "payoff_ratio": 3.6900237683923547,
      "expectancy": 0.06916299362181219,
      "avg_holding_days": 33.38461538461539,
      "avg_win": 0.16730924548396306,
      "avg_loss": 0.04534096688403046
    },
    "exposure": 0.1336206896551724,
    "psr": 0.0
  },
  "buy_hold_full": {
    "total_return": 2.000678928071245,
    "cagr": 0.045780555851481664,
    "annual_volatility": 0.40012107766901833,
    "sharpe": 0.2581375446680366,
    "sortino": 0.37056762491050266,
    "calmar": 0.05305703255987119,
    "max_drawdown": -0.8628555658445745,
    "max_drawdown_duration_days": 3797,
    "n_periods": 6186
  },
  "significance_full": {
    "permutation": {
      "observed": 0.42138103392828175,
      "p_value": 0.005497251374312844,
      "null_mean": -0.03244187005003158,
      "null_std": 0.1872663729756173,
      "n_perm": 2000,
      "metric": "sharpe"
    },
    "bootstrap_sharpe_ci": {
      "statistic": "sharpe",
      "point": 0.4235472994487099,
      "ci_low": 0.07886107788577407,
      "ci_high": 0.7351133756281446,
      "alpha": 0.05
    },
    "t_test": {
      "t_stat": 2.6095419310228705,
      "p_value": 0.009088193242454023,
      "n": 6186
    },
    "psr_deflated": 0.0,
    "expected_max_sharpe_null": 2.5969570047767614
  },
  "robustness": {
    "shifts": [
      -10,
      -8,
      -6,
      -4,
      -2,
      0,
      2,
      4,
      6,
      8,
      10
    ],
    "expectancy_pct": [
      [
        8.882709924496929,
        8.226934910517098,
        8.369165846006897,
        6.924355019199331,
        6.603545500076051,
        6.512299973112985,
        5.690086255657533,
        5.964694443424628,
        6.400556598683056,
        6.23980404099421,
        6.191211179615707
      ],
      [
        9.82020463313548,
        9.151868826357175,
        9.298124981063317,
        7.8449861424066185,
        7.527409979005715,
        7.444235864188737,
        6.627256893648307,
        6.902802019897101,
        7.311440928611616,
        7.161269005277883,
        7.103177266715593
      ],
      [
        10.55959594870137,
        9.892090730231129,
        10.050091429418622,
        8.57517445730637,
        8.253561718923917,
        8.183241419044887,
        7.367484264938043,
        7.665576277966812,
        8.070075334756712,
        7.944886531858798,
        7.8816773599565835
      ],
      [
        11.767610663598829,
        11.094844095449686,
        11.25738479700346,
        9.774911236756033,
        9.418743069078683,
        9.322926433140601,
        8.508572371593624,
        8.807505763509944,
        9.213303601919929,
        9.113804228250249,
        9.041169932362035
      ],
      [
        11.987213498785323,
        11.296081078328385,
        11.499892357219235,
        10.040004126784885,
        9.710944613622347,
        9.622353779448826,
        8.824378933600247,
        9.129884810453964,
        9.501714531449704,
        9.347125683393484,
        9.274539114931818
      ],
      [
        11.42147316002631,
        10.73333982379708,
        10.95970887659739,
        9.468559961830682,
        9.115999577295415,
        9.017013417597175,
        8.223572410135107,
        8.540562500402938,
        8.931496992590883,
        8.816661098008439,
        8.6799381478064
      ],
      [
        11.544771836215295,
        10.870581186960024,
        11.096033855716541,
        9.599995379403328,
        9.238235407794397,
        9.143832296855674,
        8.358141024536016,
        8.671286015841002,
        9.071617434059991,
        8.981079851093002,
        8.844040231144215
      ],
      [
        10.674152813389142,
        10.017337644948173,
        10.269774227700806,
        8.800235742055117,
        8.430327150181299,
        8.369917654996877,
        7.577284823300416,
        7.856818359660132,
        8.296381764929892,
        8.237991906729842,
        8.110260226889267
      ],
      [
        11.26815512760059,
        10.613162039769751,
        10.861395196973968,
        9.385561639967374,
        9.021544926677556,
        8.971279093718957,
        8.17281720434418,
        8.455364133153758,
        8.893853356275248,
        8.86773345135346,
        8.75037082628255
      ],
      [
        12.20879635128561,
        11.546697074839653,
        11.79490188030381,
        10.282233234543305,
        9.904125642335924,
        9.839386574703989,
        9.018478139982665,
        9.286617586227004,
        9.717587181234947,
        9.719351395662848,
        9.592519340773908
      ],
      [
        12.286396235318325,
        11.622231750805136,
        11.857948950963804,
        10.357569476989605,
        9.986989860547652,
        9.920376894248818,
        9.102958706083507,
        9.353888133304462,
        9.780705525714195,
        9.770358267734643,
        9.65623783450873
      ]
    ],
    "positive_cells": 121,
    "total_cells": 121
  },
  "roll_check": {
    "roll_zones": [
      [
        [
          12,
          24
        ],
        [
          12,
          31
        ]
      ]
    ],
    "base": {
      "exp": 9.017013417597175,
      "win": 0.6666666666666666,
      "sharpe": 0.42138103392828175,
      "perm_p": 0.005497251374312844,
      "boot_lo": 0.07886107788577407,