{
 "I0041_HP": {
  "sharpe": -0.20716611391583323,
  "cagr_pct": -3.3142034484335725,
  "perm_p": 0.5004995004995005
 },
 "I0042_spec_reversal": {
  "sharpe": 0.18808767388495504,
  "cagr_pct": 3.7953336647339464,
  "perm_p": 0.052947052947052944
 },
 "I0043_cot_momentum": {
  "sharpe": 0.1170143014107646,
  "cagr_pct": 2.4818288812577194,
  "perm_p": 0.055944055944055944
 }
}