{
  "variant": "weekly_30week_MA",
  "universe_n": 113,
  "n_signals": 134,
  "params": {
    "ma_period": 30,
    "base_window": 30,
    "min_touches": 3,
    "touch_band": 0.05,
    "vol_window": 10,
    "vol_mult": 1.5,
    "rs_period": 30,
    "ma_cross_lookback": 8,
    "rs_cross_lookback": 12,
    "max_base_range": 0.5,
    "max_ma_slope": 0.15,
    "atr_period": 14,
    "stop_mode": "support",
    "stop_buffer": 0.03,
    "stop_atr_mult": 2.0
  },
  "periods_per_year": 52,
  "headline": {
    "full": {
      "total_return": 0.13114452069569582,
      "cagr": 0.002335434375767109,
      "annual_volatility": 0.013913476358762729,
      "sharpe": -1.248916009290776,
      "sortino": -1.6312511769112175,
      "calmar": 0.0407546927166862,
      "max_drawdown": -0.05730467389368665,
      "max_drawdown_duration_days": 806,
      "n_periods": 2747
    },
    "is": {
      "total_return": 0.0648063677008488,
      "cagr": 0.0021047452601052896,
      "annual_volatility": 0.010883617421673741,
      "sharpe": -1.6212095580287726,
      "sortino": -2.241785669825011,
      "calmar": 0.0658903023537403,
      "max_drawdown": -0.0319431719831198,
      "max_drawdown_duration_days": 598,
      "n_periods": 1553
    },
    "oos": {
      "total_return": 0.062300672692335635,
      "cagr": 0.002635564250603961,
      "annual_volatility": 0.017072886080818275,
      "sharpe": -0.9973922528655929,
      "sortino": -1.2583686400805125,
      "calmar": 0.045992134175538955,
      "max_drawdown": -0.0573046738936871,
      "max_drawdown_duration_days": 806,
      "n_periods": 1194
    },
    "trade_stats": {
      "n_trades": 133,
      "win_rate": 0.3609022556390977,
      "profit_factor": 1.5324918510940693,
      "payoff_ratio": 2.713787652979081,
      "expectancy": 98.60490277871698,
      "avg_holding_days": 115.30075187969925,
      "avg_win": 786.3105826128858,
      "avg_loss": 289.74653995116654
    },
    "n_trades": 133
  },
  "variants": {
    "ma": {
      "is": {
        "total_return": 0.0648063677008488,
        "cagr": 0.0021047452601052896,
        "annual_volatility": 0.010883617421673741,
        "sharpe": -1.6212095580287726,
        "sortino": -2.241785669825011,
        "calmar": 0.0658903023537403,
        "max_drawdown": -0.0319431719831198,
        "max_drawdown_duration_days": 598,
        "n_periods": 1553
      },
      "oos": {
        "total_return": 0.062300672692335635,
        "cagr": 0.002635564250603961,
        "annual_volatility": 0.017072886080818275,
        "sharpe": -0.9973922528655929,
        "sortino": -1.2583686400805125,
        "calmar": 0.045992134175538955,
        "max_drawdown": -0.0573046738936871,
        "max_drawdown_duration_days": 806,
        "n_periods": 1194
      },
      "full": {
        "total_return": 0.13114452069569582,
        "cagr": 0.002335434375767109,
        "annual_volatility": 0.013913476358762729,
        "sharpe": -1.248916009290776,
        "sortino": -1.6312511769112175,
        "calmar": 0.0407546927166862,
        "max_drawdown": -0.05730467389368665,
        "max_drawdown_duration_days": 806,
        "n_periods": 2747
      },
      "trade_stats": {
        "n_trades": 133,
        "win_rate": 0.3609022556390977,
        "profit_factor": 1.5324918510940693,
        "payoff_ratio": 2.713787652979081,
        "expectancy": 98.60490277871698,
        "avg_holding_days": 115.30075187969925,
        "avg_win": 786.3105826128858,
        "avg_loss": 289.74653995116654
      },
      "n_trades": 133
    },
    "trail1r": {
      "is": {
        "total_return": 0.36259656799718076,
        "cagr": 0.010413401853016424,
        "annual_volatility": 0.024708524300533753,
        "sharpe": -0.3699466488545943,
        "sortino": -0.526359965548803,
        "calmar": 0.12598253450609526,
        "max_drawdown": -0.08265750402499328,
        "max_drawdown_duration_days": 572,
        "n_periods": 1553
      },
      "oos": {
        "total_return": 0.21610010800722934,
        "cagr": 0.008557136334948812,
        "annual_volatility": 0.03391610102941183,
        "sharpe": -0.3156530867793162,
        "sortino": -0.3712572466217572,
        "calmar": 0.07224803179784124,
        "max_drawdown": -0.11844109966749983,
        "max_drawdown_duration_days": 498,
        "n_periods": 1194
      },
      "full": {
        "total_return": 0.6570538335116627,
        "cagr": 0.00960614553180461,
        "annual_volatility": 0.02906565957272243,
        "sharpe": -0.3378909363620914,
        "sortino": -0.42785794497134366,
        "calmar": 0.08110483234934601,
        "max_drawdown": -0.11844109966749805,
        "max_drawdown_duration_days": 572,
        "n_periods": 2747
      },
      "trade_stats": {
        "n_trades": 96,
        "win_rate": 0.46875,
        "profit_factor": 3.1783157955447088,
        "payoff_ratio": 3.6020912349506697,
        "expectancy": 684.4310765746482,
        "avg_holding_days": 452.7604166666667,
        "avg_win": 2130.41712913614,
        "avg_loss": 591.4389698031388
      },
      "n_trades": 96
    },
    "chandelier": {
      "is": {
        "total_return": 0.03623725454489857,
        "cagr": 0.0011925963768983916,
        "annual_volatility": 0.008668308669331876,
        "sharpe": -2.1430864671782883,
        "sortino": -2.9421248124780663,
        "calmar": 0.031055546756051555,
        "max_drawdown": -0.0384020409064606,
        "max_drawdown_duration_days": 614,
        "n_periods": 1553
      },
      "oos": {
        "total_return": 0.07622889820204914,
        "cagr": 0.0032045245753444807,
        "annual_volatility": 0.01338946370815517,
        "sharpe": -1.2335988027118527,
        "sortino": -1.6083904831272282,
        "calmar": 0.0849753810780322,
        "max_drawdown": -0.03771121158493884,
        "max_drawdown_duration_days": 874,
        "n_periods": 1194
      },
      "full": {
        "total_return": 0.11522847873477238,
        "cagr": 0.002066596789053854,
        "annual_volatility": 0.010971558840222786,
        "sharpe": -1.6115914412355432,
        "sortino": -2.150301343679168,
        "calmar": 0.05381476453524058,
        "max_drawdown": -0.0384020409064606,
        "max_drawdown_duration_days": 874,
        "n_periods": 2747
      },
      "trade_stats": {
        "n_trades": 133,
        "win_rate": 0.40601503759398494,
        "profit_factor": 1.567265351416685,
        "payoff_ratio": 2.2928511622577425,
        "expectancy": 86.6379539359176,
        "avg_holding_days": 90.56390977443608,
        "avg_win": 589.5523071588806,
        "avg_loss": 257.1262875076268
      },
      "n_trades": 133
    },
    "partial": {
      "is": {
        "total_return": 0.22201657236042283,
        "cagr": 0.006736125250667913,
        "annual_volatility": 0.016643594444419915,
        "sharpe": -0.7783178594649074,
        "sortino": -1.0977322079746545,
        "calmar": 0.10813936338581688,
        "max_drawdown": -0.062291149492298525,
        "max_drawdown_duration_days": 572,
        "n_periods": 1553
      },
      "oos": {
        "total_return": 0.18048882253452758,
        "cagr": 0.007252544815810502,
        "annual_volatility": 0.02401516182582846,
        "sharpe": -0.5117577882094404,
        "sortino": -0.6168542885259485,
        "calmar": 0.08901162122021991,
        "max_drawdown": -0.08147862848006426,
        "max_drawdown_duration_days": 480,
        "n_periods": 1194
      },
      "full": {
        "total_return": 0.44257690462343446,
        "cagr": 0.006960557568325809,
        "annual_volatility": 0.020177296448513952,
        "sharpe": -0.6277039579219874,
        "sortino": -0.8020964244425794,
        "calmar": 0.08542801588798178,