{
  "id": "0034",
  "label": "Zucker (Sugar #11-Future) Fenster 8.6.-3.7.",
  "cagr": 0.0451361863838835,
  "annual_volatility": 0.10151613913509501,
  "sharpe": 0.2903199788135053,
  "max_drawdown": -0.27061012758791625,
  "is_strategy": true
}