{
  "ticker": "SB=F",
  "name": "Zucker (Sugar #11-Future)",
  "window": {
    "start": [
      6,
      8
    ],
    "end": [
      7,
      3
    ],
    "wraps_year": false
  },
  "sample": {
    "first_year": 2000,
    "last_year": 2026,
    "mid_year": 2013,
    "split_date": "2013-01-01"
  },
  "n_trials_charged": 121,
  "full_sample": {
    "metrics": {
      "total_return": 2.1701646846105844,
      "cagr": 0.0451361863838835,
      "annual_volatility": 0.10151613913509501,
      "sharpe": 0.2903199788135053,
      "sortino": 0.46366831261186686,
      "calmar": 0.16679415063362543,
      "max_drawdown": -0.27061012758791625,
      "max_drawdown_duration_days": 2493,
      "n_periods": 6586
    },
    "trades": {
      "n_trades": 26,
      "win_rate": 0.5769230769230769,
      "profit_factor": 5.16526822274607,
      "payoff_ratio": 3.787863363347118,
      "expectancy": 0.04941328292476807,
      "avg_holding_days": 18.192307692307693,
      "avg_win": 0.1062125175301756,
      "avg_loss": 0.028040218809878528
    },
    "exposure": 0.0718190100212572,
    "psr": 0.0
  },
  "in_sample": {
    "metrics": {
      "total_return": 2.4427121657586017,
      "cagr": 0.10191784157230388,
      "annual_volatility": 0.12309269210533673,
      "sharpe": 0.6889358284071737,
      "sortino": 1.1261762185602007,
      "calmar": 0.5054877158091585,
      "max_drawdown": -0.20162278604369066,
      "max_drawdown_duration_days": 742,
      "n_periods": 3210
    },
    "trades": {
      "n_trades": 13,
      "win_rate": 0.7692307692307693,
      "profit_factor": 44.838270941276235,
      "payoff_ratio": 13.45148128238287,
      "expectancy": 0.10407359542472007,
      "avg_holding_days": 18.307692307692307,
      "avg_win": 0.13838191972622693,
      "avg_loss": 0.01028748558030281
    },
    "exposure": 0.07414330218068536,
    "psr": 0.0
  },
  "out_of_sample": {
    "metrics": {
      "total_return": -0.07916650246244539,
      "cagr": -0.006137475411439941,
      "annual_volatility": 0.07535329776330844,
      "sharpe": -0.30706007727840073,
      "sortino": -0.46182341711351793,
      "calmar": -0.022680139380393257,
      "max_drawdown": -0.27061012758791614,
      "max_drawdown_duration_days": 2493,
      "n_periods": 3376
    },
    "trades": {
      "n_trades": 13,
      "win_rate": 0.38461538461538464,
      "profit_factor": 0.7542640077708518,
      "payoff_ratio": 1.2068224124333629,
      "expectancy": -0.005247029575183915,
      "avg_holding_days": 18.076923076923077,
      "avg_win": 0.0418737131380729,
      "avg_loss": 0.03469749377096942
    },
    "exposure": 0.0696090047393365,
    "psr": 0.0
  },
  "buy_hold_full": {
    "total_return": 1.7992126930299062,
    "cagr": 0.04017144338250134,
    "annual_volatility": 0.32918000633834527,
    "sharpe": 0.2237756782684541,
    "sortino": 0.3376340949528594,
    "calmar": 0.054346883082079966,
    "max_drawdown": -0.7391673837454579,
    "max_drawdown_duration_days": 3856,
    "n_periods": 6586
  },
  "significance_full": {
    "permutation": {
      "observed": 0.2903199788135053,
      "p_value": 0.009495252373813094,
      "null_mean": -0.15062433146025558,
      "null_std": 0.18510886099009874,
      "n_perm": 2000,
      "metric": "sharpe"
    },
    "bootstrap_sharpe_ci": {
      "statistic": "sharpe",
      "point": 0.29241149976439884,
      "ci_low": -0.07805393271056377,
      "ci_high": 0.6607587229209371,
      "alpha": 0.05
    },
    "t_test": {
      "t_stat": 2.481459241111465,
      "p_value": 0.013109332495560254,
      "n": 6586
    },
    "psr_deflated": 0.0
  },
  "robustness": {
    "shifts": [
      -10,
      -8,
      -6,
      -4,
      -2,
      0,
      2,
      4,
      6,
      8,
      10
    ],
    "expectancy_pct": [
      [
        1.2964085201572138,
        1.1691243563176015,
        1.7991089976848704,
        1.816611391341484,
        1.5678898725052244,
        1.1696223164618724,
        0.7088747780765385,
        1.1603329028901181,
        0.8558189961446737,
        0.4661817275300935,
        0.38921182599955295
      ],
      [
        1.8211330315714134,
        1.6878916996682374,
        2.331920833844434,
        2.3717179169137554,
        2.127546620956556,
        1.7168655779146784,
        1.247082505944098,
        1.7046165761638692,
        1.4090260198230768,
        1.0177023689460116,
        0.9348579012363382
      ],
      [
        2.5789968545924027,
        2.4225104482482536,
        3.054824554193289,
        3.1248135551756087,
        2.8745915391100696,
        2.464697207126424,
        1.9826042067168042,
        2.4459590305331,
        2.161959157344829,
        1.793145932080428,
        1.679623600117952
      ],
      [
        2.987945198650289,
        2.840861376166038,
        3.498744937519791,
        3.5632036296796223,
        3.3009670536313402,
        2.8817542472109,
        2.406131143553353,
        2.8414410847638716,
        2.5689920008230724,
        2.167037269966343,
        2.0942010287346156
      ],
      [
        4.841652675914624,
        4.67440366488364,
        5.343556864896272,
        5.542017610422186,
        5.267955966862992,
        4.869712791252452,
        4.411319235143469,
        4.849156402857385,
        4.547280001360473,
        4.1337974913312845,
        4.019859235175204
      ],
      [
        4.897162555332056,
        4.739189904586491,
        5.410147185314899,
        5.604158700738957,
        5.33884504634523,
        4.941328292476807,
        4.482642980297003,
        4.939378210923151,
        4.646232619095405,
        4.223496793190269,
        4.122993254596627
      ],
      [
        5.016567859244159,
        4.85943246373073,
        5.53317522824762,
        5.733328719640833,
        5.462388017321295,
        5.06823386845319,
        4.606519621146857,
        5.062956777414311,
        4.770368118384157,
        4.354675968162082,
        4.249534459756572
      ],
      [
        5.355230431141998,
        5.194010160323055,
        5.872220120853939,
        6.090206101071334,
        5.813253113071241,
        5.419435925335329,
        4.9431825264860265,
        5.3907428270140185,
        5.093055615284029,
        4.6532520554819055,
        4.529170629741045
      ],
      [
        5.220656181685544,
        5.053572729612797,
        5.737661183974973,
        5.943515663831667,
        5.677452164664344,
        5.283356074315859,
        4.815704165202858,
        5.274572642108613,
        4.985039418000061,
        4.551305061661401,
        4.427674297329715
      ],
      [
        5.445662960239109,
        5.282850654237365,
        5.9488716093225245,
        6.180369438748548,
        5.918019713946769,
        5.507689712171734,
        5.026480492740763,
        5.496708943410016,
        5.205250792069468,
        4.782258784488977,
        4.632663818235267
      ],
      [
        5.437186387007445,
        5.281265088605191,
        5.963447009264373,
        6.2006179401974055,
        5.924857958613562,
        5.521679631090191,
        5.04943208141185,
        5.507945373847282,
        5.219936968399305,
        4.799333124200286,
        4.660019225008839
      ]
    ],
    "positive_cells": 121,
    "total_cells": 121
  },
  "roll_check": {
    "roll_zones": [
      [
        [
          6,
          29
        ],
        [
          7,
          2
        ]
      ]
    ],
    "base": {
      "exp": 4.941328292476807,
      "win": 0.5769230769230769,
      "sharpe": 0.2903199788135053,
      "perm_p": 0.009495252373813094,
      "exp_is": 10.407359542472006,