{
  "ticker": "KC=F",
  "name": "Kaffee (Arabica-Future)",
  "window": {
    "start": [
      7,
      15
    ],
    "end": [
      8,
      28
    ],
    "wraps_year": false
  },
  "sample": {
    "first_year": 2000,
    "last_year": 2026,
    "mid_year": 2013,
    "split_date": "2013-01-01"
  },
  "n_trials_charged": 121,
  "full_sample": {
    "metrics": {
      "total_return": 0.9031862816774829,
      "cagr": 0.024788034918221902,
      "annual_volatility": 0.13018105295512236,
      "sharpe": 0.10058520433147564,
      "sortino": 0.1503824304368579,
      "calmar": 0.05745263127471277,
      "max_drawdown": -0.43145169104086134,
      "max_drawdown_duration_days": 5262,
      "n_periods": 6623
    },
    "trades": {
      "n_trades": 26,
      "win_rate": 0.5384615384615384,
      "profit_factor": 1.9706067319701177,
      "payoff_ratio": 1.6890914845458151,
      "expectancy": 0.034109782340488524,
      "avg_holding_days": 32.11538461538461,
      "avg_win": 0.12861183163633338,
      "avg_loss": 0.0761426085046638
    },
    "exposure": 0.12607579646685793,
    "psr": 0.0
  },
  "in_sample": {
    "metrics": {
      "total_return": -0.09055867340310397,
      "cagr": -0.007337800684686369,
      "annual_volatility": 0.13315557578627424,
      "sharpe": -0.13770511304533917,
      "sortino": -0.192214970693853,
      "calmar": -0.01700723589003486,
      "max_drawdown": -0.43145169104086134,
      "max_drawdown_duration_days": 3112,
      "n_periods": 3248
    },
    "trades": {
      "n_trades": 13,
      "win_rate": 0.6153846153846154,
      "profit_factor": 0.930355295258083,
      "payoff_ratio": 0.5814720595363019,
      "expectancy": -0.0025152464966113766,
      "avg_holding_days": 32.0,
      "avg_win": 0.05460025240568134,
      "avg_loss": 0.09390004474027971
    },
    "exposure": 0.12807881773399016,
    "psr": 0.0
  },
  "out_of_sample": {
    "metrics": {
      "total_return": 1.0926982599297008,
      "cagr": 0.05668634131146666,
      "annual_volatility": 0.1272434955275375,
      "sharpe": 0.34062300244285937,
      "sortino": 0.5539614142951143,
      "calmar": 0.15907500044042683,
      "max_drawdown": -0.3563497793777819,
      "max_drawdown_duration_days": 1491,
      "n_periods": 3375
    },
    "trades": {
      "n_trades": 13,
      "win_rate": 0.46153846153846156,
      "profit_factor": 3.070080171604067,
      "payoff_ratio": 3.5817602002047444,
      "expectancy": 0.07073481117758842,
      "avg_holding_days": 32.23076923076923,
      "avg_win": 0.22729393727720273,
      "avg_loss": 0.06345872547922385
    },
    "exposure": 0.12414814814814815,
    "psr": 0.0
  },
  "buy_hold_full": {
    "total_return": 1.1686694755063018,
    "cagr": 0.029892501644919856,
    "annual_volatility": 0.3430013434008009,
    "sharpe": 0.1989465840347144,
    "sortino": 0.3180321400282926,
    "calmar": 0.041760476003179184,
    "max_drawdown": -0.7158084510972569,
    "max_drawdown_duration_days": 3410,
    "n_periods": 6623
  },
  "significance_full": {
    "permutation": {
      "observed": 0.10058520433147564,
      "p_value": 0.1874062968515742,
      "null_mean": -0.06932562980111286,
      "null_std": 0.18578945110808898,
      "n_perm": 2000,
      "metric": "sharpe"
    },
    "bootstrap_sharpe_ci": {
      "statistic": "sharpe",
      "point": 0.10745669500392593,
      "ci_low": -0.284076782667935,
      "ci_high": 0.48281196430331585,
      "alpha": 0.05
    },
    "t_test": {
      "t_stat": 1.2955219426645033,
      "p_value": 0.19518539490051648,
      "n": 6623
    },
    "psr_deflated": 0.0,
    "expected_max_sharpe_null": 2.5969570047767614
  },
  "robustness": {
    "shifts": [
      -10,
      -8,
      -6,
      -4,
      -2,
      0,
      2,
      4,
      6,
      8,
      10
    ],
    "expectancy_pct": [
      [
        1.3079985174743782,
        1.3087730407100475,
        0.9179544281100285,
        0.8796118513157629,
        0.2619370488547358,
        0.5757871851499332,
        0.08234716847171791,
        0.549951209016492,
        -0.47081748228463094,
        -0.7338062401412062,
        -0.6943994863420335
      ],
      [
        2.097175190643632,
        2.0982797080112543,
        1.6910797507231128,
        1.665824695716185,
        1.0358272615866508,
        1.360795945812122,
        0.8498592266528663,
        1.333530817418282,
        0.3027820274050207,
        0.03537297307686542,
        0.06972457693143988
      ],
      [
        2.6783198837119193,
        2.6736234938095174,
        2.269073897624492,
        2.244511757723002,
        1.630534501995678,
        1.9700118507672393,
        1.4460817685068295,
        1.9694008932130875,
        0.9033761511873388,
        0.6193340753753223,
        0.658736995759283
      ],
      [
        2.830217471867495,
        2.836378293904139,
        2.4321105576065185,
        2.406125146514772,
        1.7824781760632538,
        2.1377763895390287,
        1.5811067804845949,
        2.0811403048182986,
        1.0156169079704829,
        0.7720934644161151,
        0.8124517094701654
      ],
      [
        3.7131907476297736,
        3.695777274258886,
        3.2921946050576105,
        3.2807189897301443,
        2.6569570084265917,
        3.009717577168608,
        2.46423804811582,
        2.9695886043254847,
        1.8860503053420723,
        1.598829761388158,
        1.6299534873844561
      ],
      [
        4.1111069405305685,
        4.090135147900986,
        3.689906315599756,
        3.6710081347676407,
        3.0567552655639116,
        3.4109782340488524,
        2.8446355271161963,
        3.363342253136935,
        2.257892064306523,
        1.9234175282253134,
        1.9269124735309455
      ],
      [
        4.373501685603668,
        4.355912900257127,
        3.9634993851950475,
        3.948728452534436,
        3.3505585764946764,
        3.7101822794206436,
        3.1532399470364236,
        3.6759680853811822,
        2.5639912081015606,
        2.2285780361957945,
        2.231645395681286
      ],
      [
        4.314649162708846,
        4.286175224204021,
        3.8902329840369947,
        3.882240423789385,
        3.284502168107183,
        3.644376780503263,
        3.0944994141161604,
        3.628927765541191,
        2.517386864812351,
        2.162778478270635,
        2.1579959574579677
      ],
      [
        4.6319193545028385,
        4.60385985740101,
        4.197669012219963,
        4.171924973201645,
        3.5804764521739356,
        3.9396636198872668,
        3.376763512343311,
        3.929548015980444,
        2.8262314146665144,
        2.4583075827795895,
        2.450167881836809
      ],
      [
        4.778814415976921,
        4.762891031545868,
        4.346042147830131,
        4.30885031539675,
        3.6967754223609712,
        4.051624578293376,
        3.4811347922663765,
        4.061809293171326,
        2.9675479310132458,
        2.6164189443901362,
        2.6034280943360657
      ],
      [
        5.343856152574151,
        5.328392904598352,
        4.885825580958913,
        4.8253250450334235,
        4.213361905634069,
        4.559198923188596,
        3.986121381016515,
        4.555858286099191,
        3.493604105872224,
        3.16075690469929,
        3.1782488783727842
      ]
    ],