{
  "cost_rt": 0.0003,
  "ma_len": 50,
  "instruments": {
    "SPY": {
      "beta_o2c_bps": 0.8096714832037794,
      "sym_thr_0.0": {
        "n": 8392,
        "gross_bps": 1.2001360713111475,
        "net_bps": -1.7998639286888525
      },
      "sym_thr_0.0025": {
        "n": 4508,
        "gross_bps": -0.008013611192078069,
        "net_bps": -3.008013611192078
      },
      "sym_thr_0.005": {
        "n": 2271,
        "gross_bps": -1.9244992592570065,
        "net_bps": -4.924499259257006
      }
    },
    "QQQ": {
      "beta_o2c_bps": 0.08406260766394581,
      "sym_thr_0.0": {
        "n": 6850,
        "gross_bps": 2.0126691458491437,
        "net_bps": -0.9873308541508561
      },
      "sym_thr_0.0025": {
        "n": 4420,
        "gross_bps": 1.9251579253123023,
        "net_bps": -1.0748420746876974
      },
      "sym_thr_0.005": {
        "n": 2728,
        "gross_bps": 2.5186383568121715,
        "net_bps": -0.4813616431878281
      }
    },
    "ES=F": {
      "beta_o2c_bps": 4.168512848101817,
      "sym_thr_0.0": {
        "n": 6492,
        "gross_bps": -1.471965347055332,
        "net_bps": -4.471965347055332
      },
      "sym_thr_0.0025": {
        "n": 553,
        "gross_bps": -0.3326280592882905,
        "net_bps": -3.33262805928829
      },
      "sym_thr_0.005": {
        "n": 226,
        "gross_bps": -2.277533469693516,
        "net_bps": -5.277533469693516
      }
    },
    "NQ=F": {
      "beta_o2c_bps": 4.129620542671172,
      "sym_thr_0.0": {
        "n": 6492,
        "gross_bps": -0.6799342205955617,
        "net_bps": -3.679934220595561
      },
      "sym_thr_0.0025": {
        "n": 897,
        "gross_bps": -1.1990611631744397,
        "net_bps": -4.199061163174439
      },
      "sym_thr_0.005": {
        "n": 375,
        "gross_bps": -2.3340131612106716,
        "net_bps": -5.334013161210671
      }
    }
  },
  "lookahead_demo": {
    "leak_net_bps": 12.487310735173295,
    "leak_sharpe_active": 2.8217027411296853,
    "safe_net_bps": -3.393603863345343,
    "safe_sharpe_active": -0.21712470681108975
  },
  "survivor": {
    "SPY": {
      "gap_thr": 0.004,
      "n": 589,
      "net_per_trade_bps": 1.6130264251725397,
      "median_per_trade_bps": 1.5472858748388774,
      "win_rate": 0.5025466893039049,
      "sharpe_active": 0.34686456678429106,
      "sharpe_full_net": -0.23030228130525526,
      "is_net_bps": -1.9835604179220763,
      "oos_net_bps": 5.423396402297255,
      "top5_pct_of_profit": 148.2841098068554,
      "perm_p": 0.16036792641471706,
      "bootstrap_sharpe_ci": [
        -0.5787968593710469,
        0.09558763198929936
      ],
      "dsr": 0.0,
      "t_test_p": 0.8232229199344946,
      "worst_day_pct": -7.633903664371767,
      "longest_losing_streak": 10
    },
    "QQQ": {
      "gap_thr": 0.004,
      "n": 665,
      "net_per_trade_bps": 4.866363928552929,
      "median_per_trade_bps": 3.8440242615633835,
      "win_rate": 0.5007518796992482,
      "sharpe_active": 0.4743447746278667,
      "sharpe_full_net": -0.06744222939476012,
      "is_net_bps": 3.4206185228122963,
      "oos_net_bps": 7.20573936855057,
      "top5_pct_of_profit": 116.64249450149902,
      "perm_p": 0.07298540291941612,
      "bootstrap_sharpe_ci": [
        -0.4697082131678335,
        0.296103797231685
      ],
      "dsr": 0.0,
      "t_test_p": 0.596569303226134,
      "worst_day_pct": -7.914532642180127,
      "longest_losing_streak": 7
    }
  }
}