{
  "idea_id": "I0025",
  "vol_lookback": 60,
  "liq_floor": 5000000.0,
  "peg_vol_floor": 0.1,
  "median_eligible": 53,
  "ls_quintile": {
    "sharpe": -0.12475143605620793,
    "cagr_pct": -12.049202942016501,
    "maxdd_pct": -90.03936920900773,
    "perm_p": 0.2707292707292707,
    "monthly_ci_pct": [
      -3.601693491113144,
      2.721666338883031
    ]
  },
  "long_only": {
    "low_vol_sharpe": 0.4492691339336049,
    "eligible_universe_sharpe": 0.46068109908271565
  },
  "is_oos_ls": {
    "IS 2017-2021": -0.4752561504488042,
    "OOS 2022-2026": 0.3516413521912284
  }
}