{
  "window": {
    "before": 1,
    "after": 3
  },
  "oos_start": "2010-01-01",
  "spy_headline": {
    "days_long_frac": 0.19099785663253155,
    "gross": {
      "total_return": 3.1173566686925485,
      "cagr": 0.043381052674485776,
      "annual_volatility": 0.08246719453647677,
      "sharpe": 0.31623577564425115,
      "sortino": 0.4301804832311388,
      "calmar": 0.1497746046192557,
      "max_drawdown": -0.2896422446566653,
      "max_drawdown_duration_days": 1468,
      "n_periods": 8398
    },
    "net_mes": {
      "total_return": 2.651085815426598,
      "cagr": 0.03962491618855468,
      "annual_volatility": 0.08243010079568472,
      "sharpe": 0.27258510571018874,
      "sortino": 0.3701909715442573,
      "calmar": 0.13496956660597548,
      "max_drawdown": -0.29358408110054923,
      "max_drawdown_duration_days": 1510,
      "n_periods": 8398
    },
    "net_etf": {
      "total_return": 2.3959250113965687,
      "cagr": 0.03736725751102021,
      "annual_volatility": 0.08241060624772616,
      "sharpe": 0.2462481658641508,
      "sortino": 0.33407371449367745,
      "calmar": 0.12626221588429085,
      "max_drawdown": -0.29594964138174396,
      "max_drawdown_duration_days": 1553,
      "n_periods": 8398
    },
    "buy_hold": {
      "total_return": 29.273759379584895,
      "cagr": 0.10775207499776718,
      "annual_volatility": 0.185747573416481,
      "sharpe": 0.5373379191452561,
      "sortino": 0.6874114683649456,
      "calmar": 0.19524034375745802,
      "max_drawdown": -0.5518945158774395,
      "max_drawdown_duration_days": 1656,
      "n_periods": 8398
    },
    "trades": {
      "n_trades": 401,
      "win_rate": 0.6234413965087282,
      "profit_factor": 1.510996370317663,
      "payoff_ratio": 0.9126418076718683,
      "expectancy": 0.003485178724273565,
      "avg_holding_days": 4.0,
      "avg_win": 0.016530082607074628,
      "avg_loss": 0.018112344260496405
    }
  },
  "diagnostic": {
    "tom_day_mean_bps": 7.596764683912722,
    "rest_day_mean_bps": 4.073100682945901,
    "tom_days": 1605,
    "rest_days": 6793,
    "tom_total_return_pct": 204.88313125138617,
    "rest_total_return_pct": 892.962754460269,
    "share_of_gain_on_tom_pct": 18.66228529139817
  },
  "is_oos_net_mes": {
    "IS 1993-2009": {
      "net_sharpe": 0.5287881706236651,
      "gross_sharpe": 0.5700998187782218,
      "net_cagr_pct": 4.284276382692265
    },
    "OOS 2010-2026": {
      "net_sharpe": 0.4959591410840059,
      "gross_sharpe": 0.5421675672987101,
      "net_cagr_pct": 3.6316280452894922
    },
    "recent 2015-2026": {
      "net_sharpe": 0.43300100875197384,
      "gross_sharpe": 0.4789965707296984,
      "net_cagr_pct": 3.1433708182991404
    }
  },
  "significance": {
    "permutation": {
      "observed": 0.31623577564425115,
      "p_value": 0.03539292141571686,
      "null_mean": 0.03767846853622257,
      "null_std": 0.15521124066805544,
      "n_perm": 5000,
      "metric": "sharpe"
    },
    "bootstrap_net_mes": {
      "statistic": "sharpe",
      "point": 0.9456783187450634,
      "ci_low": 0.24434554290266186,
      "ci_high": 1.6553099309076524,
      "alpha": 0.05
    },
    "t_test_tom_day": {
      "t_stat": 2.676609138784242,
      "p_value": 0.007512896421477117,
      "n": 1605
    },
    "deflated_sharpe": {
      "observed_sharpe": 0.03504817573694751,
      "expected_max_sharpe_under_null": 0.019648075176603903,
      "sharpe_variance_used": 0.00011909015124449208,
      "n_trials": 16,
      "psr_deflated": 0.9162263244196581
    },
    "n_trials": 16
  },
  "robustness_grid_net_mes_sharpe": {
    "b1_a1": 0.5321449995478121,
    "b1_a2": 0.5487007645456552,
    "b1_a3": 0.5128299336185931,
    "b1_a4": 0.5314961202706222,
    "b2_a1": 0.3720843693153566,
    "b2_a2": 0.41710231973410583,
    "b2_a3": 0.40809395476681454,
    "b2_a4": 0.4365893193682728,
    "b3_a1": 0.46166005728131543,
    "b3_a2": 0.49806441690816333,
    "b3_a3": 0.48623261688803643,
    "b3_a4": 0.5099003300594668,
    "b4_a1": 0.5143349642784273,
    "b4_a2": 0.5471057237632001,
    "b4_a3": 0.5350000777614523,
    "b4_a4": 0.5564142794360611
  },
  "gspc_long": {
    "gross_sharpe": 0.662214394232708,
    "permutation": {
      "observed": 0.42983666441843216,
      "p_value": 0.0001999600079984003,
      "null_mean": -0.05677860896686642,
      "null_std": 0.09277633227607253,
      "n_perm": 5000,
      "metric": "sharpe"
    },
    "tom_day_mean_bps_by_decade": {
      "1920": 24.06456994018199,
      "1930": 17.483488174323483,
      "1940": 17.20542828306359,
      "1950": 22.31813426150365,
      "1960": 11.129067698374492,
      "1970": 9.25549835168705,
      "1980": 15.789707237895824,
      "1990": 11.283081997225693,
      "2000": 3.679169964591972,
      "2010": 5.568160662126807,
      "2020": 7.332118298631871
    }
  }
}