{
  "cost_rt": 0.0003,
  "n_sessions": 4048,
  "grid": {
    "OR5_h5": {
      "n": 4045,
      "gross_bps": 0.1331403612679176,
      "net_bps": -2.866859638732082,
      "win": 0.47045735475896167
    },
    "OR5_h15": {
      "n": 4045,
      "gross_bps": 0.7018906076553765,
      "net_bps": -2.298109392344623,
      "win": 0.4909765142150804
    },
    "OR5_h30": {
      "n": 4045,
      "gross_bps": 0.4179946486601215,
      "net_bps": -2.582005351339878,
      "win": 0.4865265760197775
    },
    "OR5_h60": {
      "n": 4045,
      "gross_bps": -0.029072474796029913,
      "net_bps": -3.02907247479603,
      "win": 0.4857849196538937
    },
    "OR5_hNone": {
      "n": 4045,
      "gross_bps": -2.156226547639186,
      "net_bps": -5.156226547639187,
      "win": 0.48084054388133496
    },
    "OR15_h5": {
      "n": 4041,
      "gross_bps": 0.2705662270715205,
      "net_bps": -2.729433772928479,
      "win": 0.48997772828507796
    },
    "OR15_h15": {
      "n": 4041,
      "gross_bps": 0.09532598108445489,
      "net_bps": -2.9046740189155447,
      "win": 0.4776045533283841
    },
    "OR15_h30": {
      "n": 4041,
      "gross_bps": 0.37052876570119,
      "net_bps": -2.62947123429881,
      "win": 0.4882454837911408
    },
    "OR15_h60": {
      "n": 4041,
      "gross_bps": 0.25541579603552766,
      "net_bps": -2.744584203964472,
      "win": 0.49072011878247956
    },
    "OR15_hNone": {
      "n": 4041,
      "gross_bps": -0.20022642898447368,
      "net_bps": -3.2002264289844735,
      "win": 0.49344221727295223
    },
    "OR30_h5": {
      "n": 4035,
      "gross_bps": 0.16658542207562219,
      "net_bps": -2.8334145779243776,
      "win": 0.48029739776951674
    },
    "OR30_h15": {
      "n": 4035,
      "gross_bps": 0.1471909572275707,
      "net_bps": -2.852809042772429,
      "win": 0.4855018587360595
    },
    "OR30_h30": {
      "n": 4035,
      "gross_bps": 0.28237897257807587,
      "net_bps": -2.717621027421924,
      "win": 0.4795539033457249
    },
    "OR30_h60": {
      "n": 4035,
      "gross_bps": 0.3206087211166201,
      "net_bps": -2.67939127888338,
      "win": 0.4815365551425031
    },
    "OR30_hNone": {
      "n": 4035,
      "gross_bps": 0.4123230625198263,
      "net_bps": -2.5876769374801736,
      "win": 0.49566294919454773
    }
  },
  "width": {
    "OR5_h15": {
      "narrow": -2.6395428539086767,
      "mid": -2.9324346996288413,
      "wide": -1.3232910613129334
    },
    "OR15_h30": {
      "narrow": -2.0789205448932186,
      "mid": -2.591718994293975,
      "wide": -3.2177741637092363
    },
    "OR30_h30": {
      "narrow": -3.3465155282666204,
      "mid": -2.7485558171398186,
      "wide": -2.0577917368593326
    }
  },
  "best_cell": {
    "or": 5,
    "hold": 15,
    "gross_bps": 0.7018906076553765,
    "net_bps": -2.2981093923446236,
    "sharpe_active": -0.0642301933805107,
    "win": 0.4909765142150804
  }
}