{
  "I0012_opex": {
    "opex_day_bps": 3.6291354242525578,
    "rest_day_bps": 5.088302111246562,
    "perm_p": 0.6666666666666666,
    "net_sharpe": 0.2074383614454162,
    "frac_days": 0.2342224339128364
  },
  "I0029_preholiday": {
    "SPY": {
      "prehol_bps": 9.598484135915575,
      "rest_bps": 4.566164818083344,
      "n": 301,
      "t_p": 0.08067872326068454,
      "boot_ci_bps": [
        -1.5716709707984367,
        20.385754539465438
      ]
    },
    "^GSPC": {
      "prehol_bps": 16.175536525917863,
      "rest_bps": 2.933237394356471,
      "n": 606,
      "t_p": 1.2419742757166406e-06,
      "boot_ci_bps": [
        9.696542712438571,
        22.631376926613807
      ]
    }
  },
  "I0013_pension": {
    "active_day_bps": -3.1115943923450127,
    "perm_p": 0.6068786242751449,
    "boot_ci_bps": [
      -13.094864260313162,
      6.904761493340405
    ],
    "n_active": 537
  }
}