{
  "id": "0026",
  "label": "Kakao (Kakao-Future) Aprilfenster 8.4.-20.4.",
  "cagr": 0.021940458443404198,
  "annual_volatility": 0.07066465358638388,
  "sharpe": 0.06182969066596566,
  "max_drawdown": -0.1644230393077739,
  "is_strategy": true
}