{
  "ticker": "CC=F",
  "name": "Kakao (Kakao-Future)",
  "window": {
    "start": [
      4,
      8
    ],
    "end": [
      4,
      20
    ],
    "wraps_year": false
  },
  "sample": {
    "first_year": 2000,
    "last_year": 2026,
    "mid_year": 2013,
    "split_date": "2013-01-01"
  },
  "n_trials_charged": 49,
  "full_sample": {
    "metrics": {
      "total_return": 0.769277078990104,
      "cagr": 0.021940458443404198,
      "annual_volatility": 0.07066465358638388,
      "sharpe": 0.06182969066596566,
      "sortino": 0.10100793889777035,
      "calmar": 0.13343907603079355,
      "max_drawdown": -0.1644230393077739,
      "max_drawdown_duration_days": 1502,
      "n_periods": 6625
    },
    "trades": {
      "n_trades": 27,
      "win_rate": 0.5555555555555556,
      "profit_factor": 2.4988748802107876,
      "payoff_ratio": 1.99909990416863,
      "expectancy": 0.02337586085586798,
      "avg_holding_days": 8.88888888888889,
      "avg_win": 0.07014863887642818,
      "avg_loss": 0.03509011166983225
    },
    "exposure": 0.036226415094339624,
    "psr": 0.0
  },
  "in_sample": {
    "metrics": {
      "total_return": 0.19574632533798209,
      "cagr": 0.01395810921174645,
      "annual_volatility": 0.05987753502688929,
      "sharpe": -0.06933500691067983,
      "sortino": -0.10354214826329772,
      "calmar": 0.08489144386644672,
      "max_drawdown": -0.1644230393077739,
      "max_drawdown_duration_days": 1496,
      "n_periods": 3250
    },
    "trades": {
      "n_trades": 13,
      "win_rate": 0.5384615384615384,
      "profit_factor": 1.815429346645569,
      "payoff_ratio": 1.5560822971247734,
      "expectancy": 0.01606035834275806,
      "avg_holding_days": 8.923076923076923,
      "avg_win": 0.06640389554101804,
      "avg_loss": 0.04267376838854525
    },
    "exposure": 0.03569230769230769,
    "psr": 0.0
  },
  "out_of_sample": {
    "metrics": {
      "total_return": 0.47964249732485054,
      "cagr": 0.029686552058556304,
      "annual_volatility": 0.07968960099511811,
      "sharpe": 0.15779188172208902,
      "sortino": 0.27274928546349675,
      "calmar": 0.22334235659197643,
      "max_drawdown": -0.1329194896639807,
      "max_drawdown_duration_days": 1502,
      "n_periods": 3375
    },
    "trades": {
      "n_trades": 14,
      "win_rate": 0.5714285714285714,
      "profit_factor": 3.559178596461255,
      "payoff_ratio": 2.669383947345941,
      "expectancy": 0.030168827475184328,
      "avg_holding_days": 8.857142857142858,
      "avg_win": 0.07342528929491202,
      "avg_loss": 0.027506454951119252
    },
    "exposure": 0.03674074074074074,
    "psr": 0.0
  },
  "buy_hold_full": {
    "total_return": 3.86385542168681,
    "cagr": 0.06201631551909559,
    "annual_volatility": 0.3467178548012832,
    "sharpe": 0.29088941031940246,
    "sortino": 0.4041231463497691,
    "calmar": 0.0797824310942394,
    "max_drawdown": -0.777317946677278,
    "max_drawdown_duration_days": 3150,
    "n_periods": 6625
  },
  "significance_full": {
    "permutation": {
      "observed": 0.06182969066596566,
      "p_value": 0.07396301849075462,
      "null_mean": -0.22483645041289593,
      "null_std": 0.19195247624222084,
      "n_perm": 2000,
      "metric": "sharpe"
    },
    "bootstrap_sharpe_ci": {
      "statistic": "sharpe",
      "point": 0.05907837084872228,
      "ci_low": -0.3365780902967237,
      "ci_high": 0.4266538076295917,
      "alpha": 0.05
    },
    "t_test": {
      "t_stat": 1.7539347222861528,
      "p_value": 0.07948793465915853,
      "n": 6625
    },
    "psr_deflated": 0.0,
    "expected_max_sharpe_null": 2.2685508287387877
  },
  "robustness": {
    "shifts": [
      -6,
      -4,
      -2,
      0,
      2,
      4,
      6
    ],
    "expectancy_pct": [
      [
        0.5995036963622857,
        0.9892233236829094,
        0.7421734316283414,
        1.4820769559380629,
        1.227349135360029,
        0.2997311206388931,
        -0.6245012182794774
      ],
      [
        1.4336789805043442,
        1.8006660738108509,
        1.563820547351151,
        2.3083217789027506,
        2.0728541060538017,
        1.1429508954601832,
        0.4959213572456489
      ],
      [
        1.9439064347147594,
        2.3671891806523564,
        2.1182954276111605,
        2.866967274259476,
        2.594962222919583,
        1.6321880184951854,
        0.9325468125254721
      ],
      [
        1.4100293552219343,
        1.8254924614616828,
        1.5944658283116013,
        2.337586085586798,
        2.071717089006913,
        1.121200135051687,
        0.44451489401764693
      ],
      [
        2.017388703245194,
        2.4242765606170367,
        2.201758914712421,
        2.9597547580889465,
        2.6822929858454447,
        1.7295508754348317,
        1.0358713818717655
      ],
      [
        2.8783790440519708,
        3.3181041567578027,
        3.1031328165348993,
        3.8754381703313663,
        3.5912242967330696,
        2.6275013925655495,
        1.926619067293996
      ],
      [
        2.597503720099723,
        3.011959439871436,
        2.8058476127343797,
        3.5609622936302996,
        3.2998043668856574,
        2.359390369139773,
        1.6509523085440199
      ]
    ],
    "sharpe": [
      [
        -0.19498677779804077,
        -0.16831077794676488,
        -0.21703772296771953,
        -0.10414478011962595,
        -0.18449710333673083,
        -0.5277117002429558,
        -1.4538853932717437
      ],
      [
        -0.05879207208099417,
        -0.016602371399057812,
        -0.05076734735070003,
        0.06657655247740281,
        0.03140339725766042,
        -0.1722866523005072,
        -0.4165166556041201
      ],
      [
        0.010341398007852476,
        0.05604425080180933,
        0.028017183981320828,
        0.13933118266563516,
        0.11575867949931333,
        -0.045150832154317685,
        -0.20558113670741737
      ],
      [
        -0.046356903979371575,
        -0.008131570602145524,
        -0.036856055138576815,
        0.06182969066596566,
        0.032267414491903165,
        -0.12101525743839596,
        -0.27113428143298945
      ],
      [
        0.02133332379213883,
        0.06312668001586062,
        0.03818207991426004,
        0.13587696676512145,
        0.1138426304389819,
        -0.02127332341206625,
        -0.14486363968241428
      ],
      [
        0.11558093840365814,
        0.16250068711992774,
        0.1413212510604856,
        0.2405249554881829,
        0.22636693233246458,
        0.10581082665316323,
        0.002295443639473959
      ],
      [
        0.08725671943093749,
        0.13024850127137033,
        0.10889557322547881,
        0.20160777367992583,
        0.18501279429598902,
        0.06824511026373863,
        -0.03205834156959356
      ]
    ],
    "positive_cells": 48,
    "total_cells": 49
  }
}