{
  "ticker": "PL=F",
  "name": "Platin (Platin-Futures)",
  "window": {
    "start": [
      12,
      18
    ],
    "end": [
      1,
      17
    ],
    "wraps_year": true
  },
  "sample": {
    "first_year": 2000,
    "last_year": 2026,
    "mid_year": 2013,
    "split_date": "2013-07-01"
  },
  "n_trials_charged": 121,
  "full_sample": {
    "metrics": {
      "total_return": 2.680883674527086,
      "cagr": 0.05677328864838116,
      "annual_volatility": 0.08606080085759825,
      "sharpe": 0.45481429640177434,
      "sortino": 0.6964997216406928,
      "calmar": 0.3234059497155659,
      "max_drawdown": -0.17554806489587782,
      "max_drawdown_duration_days": 499,
      "n_periods": 5947
    },
    "trades": {
      "n_trades": 27,
      "win_rate": 0.9259259259259259,
      "profit_factor": 16.461482309135032,
      "payoff_ratio": 1.3169185847308027,
      "expectancy": 0.05080757121850534,
      "avg_holding_days": 18.333333333333332,
      "avg_win": 0.05842113657062159,
      "avg_loss": 0.0443619956829478
    },
    "exposure": 0.0832352446611737,
    "psr": 0.0
  },
  "in_sample": {
    "metrics": {
      "total_return": 0.9021907136865068,
      "cagr": 0.061874932985110265,
      "annual_volatility": 0.06112452705934415,
      "sharpe": 0.6887200981036198,
      "sortino": 1.1674840668371458,
      "calmar": 0.738733645218944,
      "max_drawdown": -0.08375810873859946,
      "max_drawdown_duration_days": 246,
      "n_periods": 2699
    },
    "trades": {
      "n_trades": 14,
      "win_rate": 1.0,
      "profit_factor": Infinity,
      "payoff_ratio": Infinity,
      "expectancy": 0.04755655434951963,
      "avg_holding_days": 16.857142857142858,
      "avg_win": 0.04755655434951963,
      "avg_loss": 0.0
    },
    "exposure": 0.08743979251574657,
    "psr": 0.0
  },
  "out_of_sample": {
    "metrics": {
      "total_return": 0.9350760405056453,
      "cagr": 0.05253601884051573,
      "annual_volatility": 0.10225049589949359,
      "sharpe": 0.3586088602845942,
      "sortino": 0.5355709717619728,
      "calmar": 0.2992685728075455,
      "max_drawdown": -0.17554806489587782,
      "max_drawdown_duration_days": 499,
      "n_periods": 3249
    },
    "trades": {
      "n_trades": 13,
      "win_rate": 0.8461538461538461,
      "profit_factor": 8.957404205304407,
      "payoff_ratio": 1.628618946418983,
      "expectancy": 0.054308666308182256,
      "avg_holding_days": 19.923076923076923,
      "avg_win": 0.07224878667020591,
      "avg_loss": 0.0443619956829478
    },
    "exposure": 0.07971683594952293,
    "psr": 0.0
  },
  "buy_hold_full": {
    "total_return": 3.340469915293654,
    "cagr": 0.06418020820410164,
    "annual_volatility": 0.31399522429265897,
    "sharpe": 0.2993110962498316,
    "sortino": 0.3587730719041053,
    "calmar": 0.08728616877889185,
    "max_drawdown": -0.7352849724299292,
    "max_drawdown_duration_days": 4207,
    "n_periods": 5947
  },
  "significance_full": {
    "permutation": {
      "observed": 0.45481429640177434,
      "p_value": 0.0014992503748125937,
      "null_mean": -0.11089978418899091,
      "null_std": 0.19736737563631065,
      "n_perm": 2000,
      "metric": "sharpe"
    },
    "bootstrap_sharpe_ci": {
      "statistic": "sharpe",
      "point": 0.4659428353196983,
      "ci_low": 0.0373798501929144,
      "ci_high": 0.8709985490370382,
      "alpha": 0.05
    },
    "t_test": {
      "t_stat": 3.3272921535001685,
      "p_value": 0.0008822682012108483,
      "n": 5947
    },
    "psr_deflated": 0.0,
    "expected_max_sharpe_null": 2.5969570047767614
  },
  "robustness": {
    "shifts": [
      -10,
      -8,
      -6,
      -4,
      -2,
      0,
      2,
      4,
      6,
      8,
      10
    ],
    "expectancy_pct": [
      [
        4.015767783595339,
        4.083146904649858,
        3.62664452089042,
        3.572210315163788,
        3.3533031330352308,
        3.5374598911751396,
        3.498867676492727,
        3.349065191116042,
        2.1893318023674118,
        1.6361627904168217,
        2.3510803876180297
      ],
      [
        4.581997197910588,
        4.648510497679844,
        4.172744238814984,
        4.1248713827446615,
        3.9041010951705264,
        4.080735217225429,
        4.040502970307955,
        3.887056140824873,
        2.7129307854267677,
        2.1404961668023774,
        2.891464469336362
      ],
      [
        4.98092996481354,
        5.052600697351492,
        4.582628932533099,
        4.539547678259936,
        4.313549452393294,
        4.487419662798262,
        4.450191714641883,
        4.289875728881073,
        3.114094995422381,
        2.5415120331733565,
        3.289752684855376
      ],
      [
        4.962705409824135,
        5.034220880337706,
        4.56333933763439,
        4.5277711683286554,
        4.291539510017648,
        4.461250486744933,
        4.4336706559735495,
        4.275911812485409,
        3.0988983462476223,
        2.5219524559868765,
        3.268961104807075
      ],
      [
        5.251445276653448,
        5.321400708256721,
        4.855083147162036,
        4.827789603362357,
        4.598429400574078,
        4.776636455522575,
        4.759731371741147,
        4.598052383706865,
        3.425460911669419,
        2.855414862016393,
        3.5859479827991656
      ],
      [
        5.60139844768091,
        5.6731903873940475,
        5.191944546715842,
        5.154094819885327,
        4.913157356353615,
        5.080757121850534,
        5.051736145848796,
        4.886847071803445,
        3.6967865765447763,
        3.1059831966566165,
        3.8725852462772097
      ],
      [
        5.97785618641119,
        6.0563760293789,
        5.579610918161851,
        5.5478558603239305,
        5.305833748869686,
        5.472345990978086,
        5.447970794869131,
        5.271906249141935,
        4.082749545428569,
        3.491791354920727,
        4.257874675026965
      ],
      [
        6.482463544296666,
        6.557510536650233,
        6.062103572478395,
        6.022474134585697,
        5.775604138107218,
        5.9291141591759775,
        5.888932837066314,
        5.7147571151234935,
        4.513442177218896,
        3.90489928911782,
        4.707596708355242
      ],
      [
        7.41161649554901,
        7.495588494967284,
        6.954890611342184,
        6.890500128324997,
        6.616495125740013,
        6.7479310219029625,
        6.660624314782404,
        6.495385734292207,
        5.258564885043973,
        4.60860377046953,
        5.487732789555501
      ],
      [
        7.692410590199751,
        7.778381282846178,
        7.23996729627726,
        7.188444002151738,
        6.903804341956141,
        7.031741102795894,
        6.94116504340217,
        6.768682596598728,
        5.537269682342085,
        4.888110090436578,
        5.766869822025832
      ],
      [
        6.485110460777471,
        6.563056873339786,
        6.056408162562207,
        6.015135151588305,
        5.757071524088307,
        5.905139506444082,
        5.839225816257261,
        5.670840680249156,
        4.483326410963318,
        3.872608087196566,
        4.688474903408002
      ]
    ],