{
  "idea_ids": [
    "I0062",
    "I0056"
  ],
  "I0062": {
    "n_obs": 9058,
    "frac_active": 0.5178847427688231,
    "n_entries": 176,
    "gross_sharpe": 0.3416906794804353,
    "net_sharpe": -0.7252996407929708,
    "net_cagr_pct": -0.13334135253513235,
    "perm_p": 0.00024993751562109475,
    "beta_to_level": -3.210891970135408e-05,
    "beta_to_slope": 1.0524189732059515e-05,
    "is_sharpe": -0.7265357757240319,
    "oos_sharpe": -0.7293549406673554,
    "ex2022_sharpe": -0.7093459072519657,
    "grid_net_sharpe": {
      "w40_z1.5": -1.2092725789214447,
      "w40_z2.0": -0.9531452657852608,
      "w40_z2.5": -0.6879498530959673,
      "w60_z1.5": -0.8919200838285336,
      "w60_z2.0": -0.7252996407929708,
      "w60_z2.5": -0.6013762137844127,
      "w90_z1.5": -0.7288498883765121,
      "w90_z2.0": -0.6169940322248728,
      "w90_z2.5": -0.4552243122578005
    }
  },
  "I0056": {
    "IEF": {
      "n_windows": 276,
      "event_mean_bps": 6.121194834593132,
      "event_t": 1.6889756111277652,
      "event_p": 0.09235756119235623,
      "boot_ci_bps": [
        -0.8517843349101776,
        13.428845367427563
      ],
      "net_sharpe": 0.043905996645032246,
      "perm_p": 0.22619345163709073,
      "frac_active": 0.09905110704178459
    },
    "TLT": {
      "n_windows": 276,
      "event_mean_bps": 11.988972962254874,
      "event_t": 1.6545707689076663,
      "event_p": 0.09915244177092351,
      "boot_ci_bps": [
        -2.1521842308781896,
        26.27259436222927
      ],
      "net_sharpe": 0.18294531786661514,
      "perm_p": 0.14471382154461385,
      "frac_active": 0.09905110704178459
    }
  }
}