{
  "ticker": "RB=F",
  "iso_week": 9,
  "base_rule": {
    "entry_offset": 0,
    "hold_days": 5
  },
  "discovery": {
    "metrics": {
      "total_return": 3.6797846960258402,
      "cagr": 0.10755380434430961,
      "annual_volatility": 0.11237914609702598,
      "sharpe": 0.7853560058223531,
      "sortino": 3.0358680112821887,
      "calmar": 1.1517154714979272,
      "max_drawdown": -0.0933857424042629,
      "max_drawdown_duration_days": 500,
      "n_periods": 3807
    },
    "trades": {
      "n_trades": 15,
      "win_rate": 1.0,
      "profit_factor": Infinity,
      "payoff_ratio": Infinity,
      "expectancy": 0.11135204632239337,
      "avg_holding_days": 5.0,
      "avg_win": 0.11135204632239337,
      "avg_loss": 0.0
    },
    "exposure": 0.019700551615445233,
    "psr": 1.0
  },
  "forward": {
    "metrics": {
      "total_return": 2.818698945156214,
      "cagr": 0.13754998983965594,
      "annual_volatility": 0.1359903736483551,
      "sharpe": 0.8647592025675699,
      "sortino": 3.878259268197405,
      "calmar": 1.0327392922311602,
      "max_drawdown": -0.13318946114898844,
      "max_drawdown_duration_days": 505,
      "n_periods": 2620
    },
    "trades": {
      "n_trades": 11,
      "win_rate": 0.9090909090909091,
      "profit_factor": 34.73149544904341,
      "payoff_ratio": 3.4731495449043406,
      "expectancy": 0.1339809719737783,
      "avg_holding_days": 5.0,
      "avg_win": 0.15174825195446304,
      "avg_loss": 0.043691827833069186
    },
    "exposure": 0.02099236641221374,
    "psr": 1.0
  },
  "recent_holdout": {
    "start": "2022-01-01",
    "metrics": {
      "total_return": 1.1872808857829389,
      "cagr": 0.19425773690104609,
      "annual_volatility": 0.14058489172579244,
      "sharpe": 1.1879020599907704,
      "sortino": 7.828476636540698,
      "calmar": 4.624825893939614,
      "max_drawdown": -0.042003254037217275,
      "max_drawdown_duration_days": 250,
      "n_periods": 1111
    },
    "trades": {
      "n_trades": 5,
      "win_rate": 1.0,
      "profit_factor": Infinity,
      "payoff_ratio": Infinity,
      "expectancy": 0.17131236958712348,
      "avg_holding_days": 5.0,
      "avg_win": 0.17131236958712348,
      "avg_loss": 0.0
    },
    "exposure": 0.022502250225022502,
    "psr": 1.0
  },
  "forward_significance": {
    "permutation": {
      "observed": 0.8647592025675699,
      "p_value": 0.0004997501249375312,
      "null_mean": -0.25465360914887686,
      "null_std": 0.30679657432119434,
      "n_perm": 2000,
      "metric": "sharpe"
    },
    "bootstrap_sharpe_ci": {
      "statistic": "sharpe",
      "point": 0.8591460232570355,
      "ci_low": 0.4376468676845909,
      "ci_high": 1.2312304401015164,
      "alpha": 0.05
    },
    "psr_n_trials_1": 1.0
  },
  "robustness": {
    "offsets": [
      -3,
      -2,
      -1,
      0,
      1,
      2,
      3,
      4,
      5
    ],
    "holds": [
      2,
      3,
      5,
      8,
      10,
      13
    ],
    "expectancy_pct": [
      [
        0.12211199159793103,
        -0.720902863196863,
        3.3513805403539356,
        4.852984399163014,
        2.81816686881999,
        4.1711930164640485,
        7.296875393533267,
        4.245172721432541,
        -0.15393721754004905
      ],
      [
        0.6143242945198538,
        2.09273563029012,
        5.473494656693352,
        5.7262011877672,
        6.179783050341707,
        8.268484746852058,
        7.543485463053062,
        3.9757916249446765,
        -0.7363991969845097
      ],
      [
        5.683117634378779,
        5.0921231168604555,
        9.938730904297087,
        13.398097197377831,
        10.529335113888196,
        8.203526756599224,
        6.672512892291723,
        3.466836043460955,
        -2.7027532056244064
      ],
      [
        14.28249166087832,
        12.93493817665744,
        13.92640684372738,
        12.603274473101767,
        9.741213542395272,
        5.668772814667212,
        3.24960199261357,
        0.6363112041396971,
        -3.350714225061201
      ],
      [
        14.171019149084419,
        11.850130832489464,
        13.558903723037098,
        10.801337791063908,
        6.22466149579437,
        5.030316953495547,
        3.9837982323721812,
        1.2181117788230655,
        -3.079135265138353
      ],
      [
        11.738617628206729,
        8.614115386658689,
        10.634661823591124,
        10.404613006398456,
        7.8093779467518205,
        5.460894933121876,
        5.018551665668596,
        1.747763749381195,
        -2.0655718384274486
      ]
    ],
    "sharpe": [
      [
        -0.6704288272838499,
        -0.885872890044948,
        0.16666128252132378,
        0.29945945282652187,
        0.16222002019277312,
        0.38522136825243114,
        0.6667152375121804,
        0.3567466529568301,
        -0.470059133894364
      ],
      [
        -0.3629730456963365,
        0.027508632048030644,
        0.3415037071183224,
        0.37924131973772696,
        0.5372389118220999,
        0.7353118230048222,
        0.6733684098246722,
        0.27134128734909074,
        -0.5192461367820265
      ],
      [
        0.34975053187432503,
        0.30060874459069925,
        0.6593043383088926,
        0.8647592025675699,
        0.8288730831609192,
        0.6508684860753515,
        0.48684713903404236,
        0.171645620047784,
        -0.5839925737440126
      ],
      [
        0.8875773774003428,
        0.8000347848234186,
        0.8398770603423408,
        0.7499156384817199,
        0.6518851754374839,
        0.2864011876259254,
        0.11701801555662561,
        -0.13632624697077578,
        -0.5355648742969766
      ],
      [
        0.8396157513456083,
        0.6870436100618881,
        0.762667883073305,
        0.5364917312367845,
        0.32213824496634963,
        0.21449985371088534,
        0.09454680500487067,
        -0.11150122156807453,
        -0.4965548374701131
      ],
      [
        0.5675097050165933,
        0.4079870950720269,
        0.5001735766302534,
        0.41067963598951596,
        0.3124804316657534,
        0.10431036396739217,
        0.08924997265073502,
        -0.13048764029129997,
        -0.39545417130443605
      ]
    ]
  }
}