{
  "cost_rt": 0.0003,
  "windows": {
    "first 30m (9:30-10:00)": {
      "n": 4046,
      "mean_bps": 0.5897621906594891,
      "sharpe": 0.3247175090844251,
      "win": 0.5066732575383095,
      "net_bps": -2.4102378093405106
    },
    "morning (9:30-11:00)": {
      "n": 4044,
      "mean_bps": 0.3142816621830084,
      "sharpe": 0.1129533038709646,
      "win": 0.5197823936696341,
      "net_bps": -2.6857183378169913
    },
    "lunch (12:00-13:00)": {
      "n": 4027,
      "mean_bps": 0.5286554346182591,
      "sharpe": 0.3388583483514846,
      "win": 0.5224733051899677,
      "net_bps": -2.4713445653817407
    },
    "last 60m (15:00-16:00)": {
      "n": 3919,
      "mean_bps": 0.10707158675733726,
      "sharpe": 0.04518583748948615,
      "win": 0.5039550905843327,
      "net_bps": -2.8929284132426623
    },
    "last 30m (15:30-16:00)": {
      "n": 3919,
      "mean_bps": -0.07948593080596897,
      "sharpe": -0.04257183686476133,
      "win": 0.498341413625925,
      "net_bps": -3.0794859308059688
    },
    "last 15m (15:45-16:00)": {
      "n": 3919,
      "mean_bps": -0.5480472700948172,
      "sharpe": -0.3792202835670394,
      "win": 0.4815003827507017,
      "net_bps": -3.548047270094817
    },
    "full RTH (9:30-16:00)": {
      "n": 3919,
      "mean_bps": 2.819751719776437,
      "sharpe": 0.5499350474961426,
      "win": 0.5437611635621332,
      "net_bps": -0.18024828022356304
    }
  },
  "conditional": {
    "lunch fade morning": {
      "n": 3918,
      "mean_bps": 0.380067930223676,
      "sharpe": 0.24254597425165816,
      "win": 0.481368044920878,
      "net_bps": -2.6199320697763238
    },
    "afternoon fade morning": {
      "n": 3918,
      "mean_bps": -0.9430629472781973,
      "sharpe": -0.2743875259139025,
      "win": 0.4762633996937213,
      "net_bps": -3.943062947278197
    },
    "afternoon follow morning": {
      "n": 3918,
      "mean_bps": 0.9430629472781973,
      "sharpe": 0.2743875259139025,
      "win": 0.49617151607963245,
      "net_bps": -2.0569370527218025
    },
    "corr_morning_lunch": -0.0608222556687679,
    "corr_morning_afternoon": 0.02458602919365234
  },
  "nq_cross": {
    "ET10": {
      "mean_bps": -0.5301530357324091,
      "sharpe": -0.1880085091663273
    },
    "ET11": {
      "mean_bps": 1.594170134972352,
      "sharpe": 0.7150603400134012
    },
    "ET12": {
      "mean_bps": 0.14990315372051993,
      "sharpe": 0.07804640666453948
    },
    "ET13": {
      "mean_bps": 0.27177079512309976,
      "sharpe": 0.13100797728451127
    },
    "ET14": {
      "mean_bps": 0.883551283458884,
      "sharpe": 0.42615167808314025
    },
    "ET15": {
      "mean_bps": -0.158683917277003,
      "sharpe": -0.060172704643203345
    }
  }
}