{
  "ticker": "GC=F",
  "name": "Gold (Gold-Futures)",
  "window": {
    "days_before": 8,
    "days_after": 2,
    "anchor": "western_easter"
  },
  "sample": {
    "first_year": 2000,
    "last_year": 2026,
    "mid_year": 2013,
    "split_date": "2013-07-01"
  },
  "n_trials_charged": 49,
  "full_sample": {
    "metrics": {
      "total_return": 0.22718478213534432,
      "cagr": 0.008014325902751196,
      "annual_volatility": 0.03202186464386699,
      "sharpe": -0.35309632770846494,
      "sortino": -0.5094866603325803,
      "calmar": 0.09469928776768917,
      "max_drawdown": -0.08462920990928124,
      "max_drawdown_duration_days": 3247,
      "n_periods": 6463
    },
    "trades": {
      "n_trades": 26,
      "win_rate": 0.6538461538461539,
      "profit_factor": 2.0180387567859026,
      "payoff_ratio": 1.0683734594748895,
      "expectancy": 0.008291514739550006,
      "avg_holding_days": 6.0,
      "avg_win": 0.02513758166167288,
      "avg_loss": 0.023528833891126533
    },
    "exposure": 0.024137397493424105,
    "psr": 0.0
  },
  "in_sample": {
    "metrics": {
      "total_return": 0.05557448025115197,
      "cagr": 0.0042496569798975425,
      "annual_volatility": 0.03138355367276548,
      "sharpe": -0.48000412034423384,
      "sortino": -0.6061107617578247,
      "calmar": 0.05021501423034654,
      "max_drawdown": -0.08462920990928124,
      "max_drawdown_duration_days": 745,
      "n_periods": 3214
    },
    "trades": {
      "n_trades": 13,
      "win_rate": 0.6153846153846154,
      "profit_factor": 1.4262977021531926,
      "payoff_ratio": 0.8914360638457454,
      "expectancy": 0.004632168691035012,
      "avg_holding_days": 6.0,
      "avg_win": 0.025184592201148798,
      "avg_loss": 0.028251708925147046
    },
    "exposure": 0.024268823895457373,
    "psr": 0.0
  },
  "out_of_sample": {
    "metrics": {
      "total_return": 0.16257526597588856,
      "cagr": 0.011748687843565309,
      "annual_volatility": 0.032639143345128574,
      "sharpe": -0.23265333888728865,
      "sortino": -0.39529902965307173,
      "calmar": 0.2955288374760236,
      "max_drawdown": -0.03975479328482956,
      "max_drawdown_duration_days": 1504,
      "n_periods": 3250
    },
    "trades": {
      "n_trades": 13,
      "win_rate": 0.6923076923076923,
      "profit_factor": 3.2036748063531024,
      "payoff_ratio": 1.4238554694902676,
      "expectancy": 0.011950860788065001,
      "avg_holding_days": 6.0,
      "avg_win": 0.025095794515472065,
      "avg_loss": 0.01762524009860089
    },
    "exposure": 0.024,
    "psr": 0.0
  },
  "buy_hold_full": {
    "total_return": 15.319094210629178,
    "cagr": 0.11502460416105986,
    "annual_volatility": 0.17785592485900195,
    "sharpe": 0.5900935196704439,
    "sortino": 0.784357580081278,
    "calmar": 0.2592755574441306,
    "max_drawdown": -0.4436384412589516,
    "max_drawdown_duration_days": 2240,
    "n_periods": 6463
  },
  "significance_full": {
    "permutation": {
      "observed": -0.35309632770846494,
      "p_value": 0.09045477261369315,
      "null_mean": -0.6192233887418958,
      "null_std": 0.20190180971327726,
      "n_perm": 2000,
      "metric": "sharpe"
    },
    "bootstrap_sharpe_ci": {
      "statistic": "sharpe",
      "point": -0.358218340953983,
      "ci_low": -0.7287931642261073,
      "ci_high": 0.027001068093177292,
      "alpha": 0.05
    },
    "t_test": {
      "t_stat": 1.3437407712884708,
      "p_value": 0.17907940772961517,
      "n": 6463
    },
    "psr_deflated": 0.0,
    "expected_max_sharpe_null": 2.2685508287387877
  },
  "robustness": {
    "shifts": [
      -6,
      -4,
      -2,
      0,
      2,
      4,
      6
    ],
    "expectancy_pct": [
      [
        1.143769448076733,
        1.1368383838567098,
        0.42813252772138827,
        0.22227328952074263,
        0.22227328952074263,
        -0.03774567255257873,
        NaN
      ],
      [
        1.805452715935327,
        1.7988732561239544,
        1.0793496647155214,
        0.8722024802701397,
        0.8722024802701397,
        0.6072733444624561,
        NaN
      ],
      [
        1.805452715935327,
        1.7988732561239544,
        1.0793496647155214,
        0.8722024802701397,
        0.8722024802701397,
        0.6072733444624561,
        NaN
      ],
      [
        1.7558400267194998,
        1.752504344648909,
        1.0441819440578128,
        0.8291514739550007,
        0.8291514739550007,
        0.5784946679698384,
        -0.0742521028236866
      ],
      [
        1.8467584001402197,
        1.8421291539826448,
        1.1335632350938536,
        0.915991297219638,
        0.915991297219638,
        0.6610659108331393,
        0.00835669957657569
      ],
      [
        1.669472370984338,
        1.6644494864478991,
        0.9546296059385425,
        0.7392531936844966,
        0.7392531936844966,
        0.47944021009284293,
        -0.17635000151138067
      ],
      [
        1.5852241991287879,
        1.580729270816123,
        0.8744152183170876,
        0.6596066426761082,
        0.6596066426761082,
        0.39124574886958885,
        -0.2646528367340545
      ]
    ],
    "sharpe": [
      [
        -0.2312220383103071,
        -0.24152998476254434,
        -0.5298275289380234,
        -0.7037661593001776,
        -0.7037661593001776,
        -1.594351951307371,
        NaN
      ],
      [
        -0.046114299481682226,
        -0.05173278903179391,
        -0.28528914939760786,
        -0.4003862767445589,
        -0.4003862767445589,
        -0.7936168723469423,
        NaN
      ],
      [
        -0.046114299481682226,
        -0.05173278903179391,
        -0.28528914939760786,
        -0.4003862767445589,
        -0.4003862767445589,
        -0.7936168723469423,
        NaN
      ],
      [
        -0.04931449808591345,
        -0.05442854294143764,
        -0.2612961947897096,
        -0.35309632770846494,
        -0.35309632770846494,
        -0.5871476803728192,
        -1.2579755112882465
      ],
      [
        -0.02577974107085824,
        -0.03015061245241267,
        -0.21715254399502007,
        -0.29386802319477917,
        -0.29386802319477917,
        -0.4631447557867606,
        -0.8827622247765768
      ],
      [
        -0.06574661376530488,
        -0.07060468872821365,
        -0.25688326072416245,
        -0.3339832600324844,
        -0.3339832600324844,
        -0.5016204650687447,
        -0.8920471580442768
      ],
      [
        -0.08419428086655364,
        -0.08915022489902658,
        -0.2708177813215428,
        -0.345226474307198,
        -0.345226474307198,
        -0.5019694048645051,
        -0.85234756695825
      ]
    ],
    "positive_cells": 42,
    "total_cells": 49
  }
}