{
  "ticker": "NG=F",
  "name": "Erdgas (Natural-Gas-Future)",
  "window": {
    "start": [
      9,
      21
    ],
    "end": [
      11,
      1
    ],
    "wraps_year": false
  },
  "sample": {
    "first_year": 2000,
    "last_year": 2026,
    "mid_year": 2013,
    "split_date": "2013-01-01"
  },
  "n_trials_charged": 121,
  "full_sample": {
    "metrics": {
      "total_return": 21.84678006385614,
      "cagr": 0.1296217608518213,
      "annual_volatility": 0.24600555525072357,
      "sharpe": 0.5316837002556565,
      "sortino": 1.0201577592233393,
      "calmar": 0.2942106659470198,
      "max_drawdown": -0.44057464889856524,
      "max_drawdown_duration_days": 1745,
      "n_periods": 6469
    },
    "trades": {
      "n_trades": 26,
      "win_rate": 0.6153846153846154,
      "profit_factor": 6.153683454969336,
      "payoff_ratio": 3.846052159355835,
      "expectancy": 0.15533723062330013,
      "avg_holding_days": 29.884615384615383,
      "avg_win": 0.30140214292685913,
      "avg_loss": 0.07836662906239425
    },
    "exposure": 0.12011130004637502,
    "psr": 0.0
  },
  "in_sample": {
    "metrics": {
      "total_return": 5.585353457901955,
      "cagr": 0.16598551633846226,
      "annual_volatility": 0.2694101797325346,
      "sharpe": 0.6230246182204594,
      "sortino": 1.249338377054331,
      "calmar": 0.5738980379147334,
      "max_drawdown": -0.2892247496464232,
      "max_drawdown_duration_days": 740,
      "n_periods": 3093
    },
    "trades": {
      "n_trades": 13,
      "win_rate": 0.6153846153846154,
      "profit_factor": 8.249383863725056,
      "payoff_ratio": 5.15586491482816,
      "expectancy": 0.18386437784133391,
      "avg_holding_days": 29.846153846153847,
      "avg_win": 0.33999409781709256,
      "avg_loss": 0.0659431741198798
    },
    "exposure": 0.12544455221467832,
    "psr": 0.0
  },
  "out_of_sample": {
    "metrics": {
      "total_return": 2.469332391937385,
      "cagr": 0.09730261149247288,
      "annual_volatility": 0.22243088920131546,
      "sharpe": 0.43542097439254784,
      "sortino": 0.7916213755192136,
      "calmar": 0.22085385923981082,
      "max_drawdown": -0.44057464889856557,
      "max_drawdown_duration_days": 1745,
      "n_periods": 3376
    },
    "trades": {
      "n_trades": 13,
      "win_rate": 0.6153846153846154,
      "profit_factor": 4.631522323912229,
      "payoff_ratio": 2.8947014524451427,
      "expectancy": 0.12681008340526634,
      "avg_holding_days": 29.923076923076923,
      "avg_win": 0.26281018803662576,
      "avg_loss": 0.0907900840049087
    },
    "exposure": 0.11522511848341233,
    "psr": 0.0
  },
  "buy_hold_full": {
    "total_return": -0.32611861982184187,
    "cagr": -0.0152579898739994,
    "annual_volatility": 0.6139759351057572,
    "sharpe": 0.24794845477501506,
    "sortino": 0.38550889632055085,
    "calmar": -0.01688524523226342,
    "max_drawdown": -0.9036285623406436,
    "max_drawdown_duration_days": 5149,
    "n_periods": 6469
  },
  "significance_full": {
    "permutation": {
      "observed": 0.5316837002556565,
      "p_value": 0.0014992503748125937,
      "null_mean": 0.000734232568667256,
      "null_std": 0.18786314409223864,
      "n_perm": 2000,
      "metric": "sharpe"
    },
    "bootstrap_sharpe_ci": {
      "statistic": "sharpe",
      "point": 0.5265768931300077,
      "ci_low": 0.16475118048943213,
      "ci_high": 0.8703885766282173,
      "alpha": 0.05
    },
    "t_test": {
      "t_stat": 3.101701118542088,
      "p_value": 0.0019324063439721396,
      "n": 6469
    },
    "psr_deflated": 0.0,
    "expected_max_sharpe_null": 2.5969570047767614
  },
  "robustness": {
    "shifts": [
      -10,
      -8,
      -6,
      -4,
      -2,
      0,
      2,
      4,
      6,
      8,
      10
    ],
    "expectancy_pct": [
      [
        8.446253166232005,
        6.610560161740203,
        6.43873682835044,
        5.967500268753575,
        7.975951070838932,
        7.967551409245645,
        7.644789597689808,
        7.469204850569342,
        4.728393253379119,
        -1.1746535732667354,
        0.041777102426468274
      ],
      [
        9.074646656624234,
        7.317220230483732,
        7.169676630836058,
        6.71901962255705,
        8.793176613298924,
        8.81201385122136,
        8.609508652682464,
        8.403008971015062,
        5.617303286776607,
        -0.4704353987006394,
        0.7187377037798388
      ],
      [
        8.816384832894887,
        7.0281984570615395,
        6.897975203619522,
        6.455506283901927,
        8.611156542689336,
        8.650767596555806,
        8.421381560188962,
        8.1881703905786,
        5.270279296462689,
        -0.6497511677388742,
        0.5248718215022024
      ],
      [
        12.967328633430006,
        11.057383108745853,
        10.988039471303116,
        10.587676959917038,
        12.80418333439129,
        12.78268333889779,
        12.5369303840761,
        12.420223041187027,
        9.602899744684876,
        3.2054550298889963,
        4.5673016783582625
      ],
      [
        15.873926351225116,
        13.930920952942728,
        13.813151295149762,
        13.375859568917866,
        15.711575660802552,
        15.691002189741734,
        15.455547177915571,
        15.338030719771409,
        12.235061576858639,
        5.86264732906199,
        7.1684643167289686
      ],
      [
        15.595945826942156,
        13.66568230502059,
        13.530212466889024,
        13.143835406941411,
        15.521296483860342,
        15.533723062330013,
        15.266695592319385,
        15.076312640783126,
        12.060092349080996,
        5.704061678883137,
        6.969564451371177
      ],
      [
        14.786651734182504,
        12.858763290566072,
        12.691776687827726,
        12.275969544813634,
        14.564060182296897,
        14.565916376221141,
        14.28882520648799,
        14.070100738236816,
        11.14962069289527,
        5.034932274962987,
        6.269734282475868
      ],
      [
        14.460823479712628,
        12.549370305184576,
        12.390517921998207,
        11.95797966454347,
        14.237077311127647,
        14.25258256487516,
        14.076671126718107,
        13.863649897556614,
        10.93584702084359,
        4.961088466875255,
        6.23179112953854
      ],
      [
        14.1732069078628,
        12.26734764543306,
        12.143688447392783,
        11.663691265089163,
        13.9384989092581,
        13.977290948276147,
        13.775582433086079,
        13.585494890294314,
        10.668219330848139,
        4.648584060139951,
        5.858846300250218
      ],
      [
        13.697611700635745,
        11.82067353723922,
        11.663927343346023,
        11.217642859006109,
        13.452125015811689,
        13.422407876911072,
        13.17479654143227,
        13.026639886792395,
        10.143137860225139,
        4.120168339664321,
        5.318503324873699
      ],
      [
        13.026801573752444,
        11.161570832219732,
        11.001929834725457,
        10.576983799711474,
        12.79035147927046,
        12.815924345167762,
        12.569996502326186,
        12.403939356428346,
        9.432571271717455,
        3.4826945079609053,
        4.653906334852666
      ]
    ],