{
  "idea_id": "I0020",
  "ls_carry": {
    "sharpe": 0.1914353767640753,
    "cagr_pct": 1.11600809126704,
    "maxdd_pct": -28.442808443089994,
    "skew": -0.7188854351212142,
    "perm_p": 0.0425,
    "monthly_ci_pct": [
      -0.1390866278321206,
      0.3585608838764107
    ],
    "n_months": 270
  },
  "vol_filtered": {
    "sharpe": 0.3058453188951007,
    "maxdd_pct": -14.158791962511664
  },
  "is_oos": {
    "IS 2004-2014": 0.25778638685016925,
    "OOS 2015-2026": 0.10969184571257919
  }
}