{
  "ticker": "LME-Zn-cash",
  "name": "LME Zink (Cash-Settlement)",
  "window": {
    "start": [
      7,
      4
    ],
    "end": [
      7,
      30
    ],
    "wraps_year": false
  },
  "sample": {
    "first_year": 2008,
    "last_year": 2026,
    "mid_year": 2017,
    "split_date": "2017-01-01"
  },
  "n_trials_charged": 121,
  "full_sample": {
    "metrics": {
      "total_return": 0.8481697177244889,
      "cagr": 0.03380126414898954,
      "annual_volatility": 0.07536460614819844,
      "sharpe": 0.21578483805023768,
      "sortino": 0.3484978269936783,
      "calmar": 0.2596347576377795,
      "max_drawdown": -0.130187747035573,
      "max_drawdown_duration_days": 1274,
      "n_periods": 4656
    },
    "trades": {
      "n_trades": 18,
      "win_rate": 0.6666666666666666,
      "profit_factor": 3.551581787703227,
      "payoff_ratio": 1.7757908938516134,
      "expectancy": 0.0371375718010839,
      "avg_holding_days": 19.27777777777778,
      "avg_win": 0.077538445534393,
      "avg_loss": 0.04366417566553429
    },
    "exposure": 0.0745274914089347,
    "psr": 0.0
  },
  "in_sample": {
    "metrics": {
      "total_return": 0.5919412208495012,
      "cagr": 0.05282811546641919,
      "annual_volatility": 0.08420470402588014,
      "sharpe": 0.4180245208046211,
      "sortino": 0.6882030112197489,
      "calmar": 0.4057840823682449,
      "max_drawdown": -0.130187747035573,
      "max_drawdown_duration_days": 756,
      "n_periods": 2276
    },
    "trades": {
      "n_trades": 9,
      "win_rate": 0.6666666666666666,
      "profit_factor": 6.620451758718005,
      "payoff_ratio": 3.3102258793590025,
      "expectancy": 0.055262978706216354,
      "avg_holding_days": 19.333333333333332,
      "avg_win": 0.09764318784519321,
      "avg_loss": 0.02949743957173732
    },
    "exposure": 0.07644991212653779,
    "psr": 0.0
  },
  "out_of_sample": {
    "metrics": {
      "total_return": 0.16095349094500921,
      "cagr": 0.015927568997038843,
      "annual_volatility": 0.06580733651880226,
      "sharpe": -0.028067527350545143,
      "sortino": -0.044016380541298764,
      "calmar": 0.12240823507477186,
      "max_drawdown": -0.13011844331641287,
      "max_drawdown_duration_days": 758,
      "n_periods": 2380
    },
    "trades": {
      "n_trades": 9,
      "win_rate": 0.6666666666666666,
      "profit_factor": 1.9862631065755458,
      "payoff_ratio": 0.9931315532877729,
      "expectancy": 0.019012164895951436,
      "avg_holding_days": 19.22222222222222,
      "avg_win": 0.05743370322359278,
      "avg_loss": 0.05783091175933125
    },
    "exposure": 0.0726890756302521,
    "psr": 0.0
  },
  "buy_hold_full": {
    "total_return": 0.4949664429530154,
    "cagr": 0.022001896910904595,
    "annual_volatility": 0.281155847773797,
    "sharpe": 0.14755215192103152,
    "sortino": 0.22395264286359556,
    "calmar": 0.034856383359551976,
    "max_drawdown": -0.6312157140329143,
    "max_drawdown_duration_days": 2206,
    "n_periods": 4656
  },
  "significance_full": {
    "permutation": {
      "observed": 0.21578483805023768,
      "p_value": 0.031484257871064465,
      "null_mean": -0.1932600804577952,
      "null_std": 0.22158744616040857,
      "n_perm": 2000,
      "metric": "sharpe"
    },
    "bootstrap_sharpe_ci": {
      "statistic": "sharpe",
      "point": 0.20952252197360208,
      "ci_low": -0.24683556759009767,
      "ci_high": 0.6427865008373274,
      "alpha": 0.05
    },
    "t_test": {
      "t_stat": 2.0570085371567317,
      "p_value": 0.03974100161266337,
      "n": 4656
    },
    "psr_deflated": 0.0,
    "expected_max_sharpe_null": 2.5969570047767614
  },
  "robustness": {
    "shifts": [
      -10,
      -8,
      -6,
      -4,
      -2,
      0,
      2,
      4,
      6,
      8,
      10
    ],
    "expectancy_pct": [
      [
        0.8444657303685956,
        0.29926209713125196,
        0.1125418939578546,
        0.017652645705708757,
        0.0784471996279543,
        0.8415145801129336,
        1.3723473415600884,
        0.822127210616448,
        0.5747013106834638,
        -0.037305484067072056,
        0.17857092141554026
      ],
      [
        1.4598941006246546,
        0.9089399580003555,
        0.7241573304155906,
        0.6342721964548732,
        0.699239012308671,
        1.4757208398256734,
        2.0025973766818574,
        1.4398920204703447,
        1.1887861391852197,
        0.5690385801269121,
        0.7879042894033048
      ],
      [
        1.762536223038039,
        1.2055936305022577,
        1.0235330572086168,
        0.9272569509307474,
        0.994466252103453,
        1.767050648466479,
        2.2992842169352117,
        1.733749369866483,
        1.5087709716324622,
        0.8913144444755704,
        1.1076974222009273
      ],
      [
        1.948140275808645,
        1.39085403590265,
        1.2138299725723118,
        1.1237420209143125,
        1.194860102716882,
        1.9617739056811214,
        2.49319371096509,
        1.9282751387056523,
        1.7135010888587314,
        1.0950946945706153,
        1.3086593014307029
      ],
      [
        2.7647675711345108,
        2.2192780396549505,
        2.039663963515447,
        1.9831357197352923,
        2.059515425439968,
        2.826252081476795,
        3.3639130270586057,
        2.786820940213191,
        2.5468101269319794,
        1.9090495717921145,
        2.146008699428383
      ],
      [
        3.6410531849239196,
        3.0794951775578734,
        2.906732152289944,
        2.8485784018194438,
        2.927594382154751,
        3.71375718010839,
        4.252948110329997,
        3.657942258940093,
        3.4317043776961036,
        2.796462880620492,
        3.036407471276892
      ],
      [
        2.820387258941543,
        2.2571164414791505,
        2.0864071194113123,
        2.0394672855084206,
        2.1156379860851766,
        2.8850295341454237,
        3.43057211134392,
        2.8357077112562816,
        2.6325833727660357,
        2.013889212334125,
        2.260308498094316
      ],
      [
        2.393764049767635,
        1.831331025381655,
        1.6669321031110684,
        1.6412660449309873,
        1.7073158146595337,
        2.479337990593193,
        3.0127593388832357,
        2.4179140614715933,
        2.1997311938872426,
        1.5785006589454322,
        1.8345135869167954
      ],
      [
        2.6142647021091148,
        2.035852913818447,
        1.8789782489542481,
        1.8753963467162966,
        1.9531811557034762,
        2.719690923698238,
        3.2654522866642943,
        2.659337828288135,
        2.4428238149727184,
        1.8269337589990238,
        2.0962272326241433
      ],
      [
        2.5663090411143745,
        1.9884466750215688,
        1.8242253561899384,
        1.823373312730596,
        1.8963041767149666,
        2.6560585212405936,
        3.205864899721665,
        2.602562022428846,
        2.396360859746645,
        1.7932994511895957,
        2.072409931511137
      ],
      [
        2.959025318934695,
        2.3820454403044984,
        2.208904155419944,
        2.2003163464534055,
        2.280067527946729,
        3.02098131813424,
        3.5861032750573445,
        2.9745731553805754,
        2.7713490860663677,
        2.157763868697551,
        2.442723178909649
      ]
    ],