{
  "cost_rt_bps": 2.9999999999999996,
  "oos_start": "2010-01-01",
  "components_spy": {
    "overnight": {
      "n": 8397,
      "mean_bps": 3.972474067096099,
      "ann_ret_pct": 10.010634649082169,
      "gross_sharpe": 0.9445673687544135,
      "net_sharpe": 0.23123304399828132,
      "net_ann_pct": 2.4506346490821658,
      "win": 0.563415505537692
    },
    "intraday": {
      "n": 8397,
      "mean_bps": 0.7732242241846257,
      "ann_ret_pct": 1.948525044945257,
      "gross_sharpe": 0.12801908182232852,
      "net_sharpe": -0.3686767451507322,
      "net_ann_pct": -5.61147495505475,
      "win": 0.5239966654757652
    },
    "buy&hold(c2c)": {
      "n": 8397,
      "mean_bps": 4.747097803612173,
      "ann_ret_pct": 11.962686465102678,
      "gross_sharpe": 0.6439909322647622,
      "net_sharpe": 0.6439909322647622,
      "net_ann_pct": 11.962686465102678,
      "win": 0.5410265571037275
    }
  },
  "is_oos_net": {
    "IS 1993-2009": {
      "net_sharpe": 0.3536106017616816,
      "net_ann_pct": 3.6398303337893485,
      "gross_sharpe": 1.0880668549835741
    },
    "OOS 2010-2026": {
      "net_sharpe": 0.11228059706799681,
      "net_ann_pct": 1.2243305358971779,
      "gross_sharpe": 0.805591176969554
    },
    "recent 2015-2026": {
      "net_sharpe": 0.10601427806248974,
      "net_ann_pct": 1.210409995601463,
      "gross_sharpe": 0.7681601171293314
    }
  },
  "significance": {
    "t_overnight_gross": {
      "t_stat": 5.452488326672146,
      "p_value": 5.1080221713874404e-08,
      "n": 8397
    },
    "t_overnight_net": {
      "t_stat": 1.3347861834398187,
      "p_value": 0.18198253007239693,
      "n": 8397
    },
    "t_night_minus_day": {
      "t_stat": 2.511237858166192,
      "p_value": 0.012049486504985898,
      "n": 8397
    },
    "bootstrap_net": {
      "statistic": "sharpe",
      "point": 0.04741898100344211,
      "ci_low": -0.2900405212241084,
      "ci_high": 0.38387643823498396,
      "alpha": 0.05
    },
    "deflated_sharpe": {
      "observed_sharpe": 0.05950215129216238,
      "expected_max_sharpe_under_null": 0.0,
      "sharpe_variance_used": NaN,
      "n_trials": 1,
      "psr_deflated": 0.9999999024402919
    }
  },
  "es_hourly": {
    "0": {
      "mean_bps": 0.45825335968118697,
      "sharpe": 0.5850394138618515
    },
    "1": {
      "mean_bps": 0.3623952151465313,
      "sharpe": 0.48599690660400463
    },
    "2": {
      "mean_bps": 0.9703650160502572,
      "sharpe": 1.0114790999863348
    },
    "3": {
      "mean_bps": 0.21737699196400698,
      "sharpe": 0.16676854365669228
    },
    "4": {
      "mean_bps": 0.2988180540618424,
      "sharpe": 0.2602389236109128
    },
    "5": {
      "mean_bps": 0.33623239577807823,
      "sharpe": 0.3427409460307714
    },
    "6": {
      "mean_bps": 0.5369268343071679,
      "sharpe": 0.4837107965947413
    },
    "7": {
      "mean_bps": -0.18478817034318096,
      "sharpe": -0.16468617364783075
    },
    "8": {
      "mean_bps": -0.012488846778982248,
      "sharpe": -0.007404827095462354
    },
    "9": {
      "mean_bps": 0.7042352489331546,
      "sharpe": 0.35347138627113944
    },
    "10": {
      "mean_bps": -0.25460241309521,
      "sharpe": -0.11831434542324597
    },
    "11": {
      "mean_bps": 1.082925571083367,
      "sharpe": 0.6131886091818226
    },
    "12": {
      "mean_bps": 0.5336041900625107,
      "sharpe": 0.33938287443424814
    },
    "13": {
      "mean_bps": 0.11373196896636328,
      "sharpe": 0.0661557782086496
    },
    "14": {
      "mean_bps": 0.5463776615862534,
      "sharpe": 0.3092130045692018
    },
    "15": {
      "mean_bps": 0.13743912075903492,
      "sharpe": 0.05803276382207512
    },
    "16": {
      "mean_bps": 0.4845383742016139,
      "sharpe": 0.45300161704899317
    },
    "17": {
      "mean_bps": -0.25729153189721593,
      "sharpe": -0.627158827093853
    },
    "18": {
      "mean_bps": -1.4551349837633298,
      "sharpe": -0.6927347360056642
    },
    "19": {
      "mean_bps": 0.3388923553725325,
      "sharpe": 0.41039763801163753
    },
    "20": {
      "mean_bps": 0.021519736126971344,
      "sharpe": 0.021676783848635455
    },
    "21": {
      "mean_bps": 0.2199616157180296,
      "sharpe": 0.2177255326599643
    },
    "22": {
      "mean_bps": -0.12363271835214605,
      "sharpe": -0.14041154828935376
    },
    "23": {
      "mean_bps": 0.13356555342250026,
      "sharpe": 0.20461557104114844
    },
    "overnight_mean_bps": 0.18594302587958836,
    "eu_window_0204_mean_bps": 0.49552002069203555
  }
}