{
  "idea_id": "I0024",
  "beta_lookback": 252,
  "naive_ls": {
    "sharpe": -0.34246148713834207,
    "cagr_pct": -3.903182500322644,
    "realized_beta": -0.39028592720284283,
    "perm_p": 0.6581709145427287
  },
  "fp_bab": {
    "sharpe": -0.06317277088882872,
    "cagr_pct": 0.4356555942434337,
    "residual_beta": -0.01245310988680292,
    "max_dd_pct": -55.6356430924736,
    "alpha_ann_pct": 1.3397016942618794,
    "t_alpha": 0.585724460545405,
    "monthly_hedge_ci_pct": [
      -0.23150955900022105,
      0.40621377417098326
    ]
  },
  "long_only_low_beta": {
    "sharpe": 0.5106098091790879,
    "benchmark_ew_sharpe": 0.49182139083394144
  },
  "is_oos_bab": {
    "IS 1997-2012": 0.043062774209984556,
    "OOS 2013-2026": 0.20527996410666488
  }
}