{
  "battery": {
    "XAUUSD": {
      "n_trades": 1167,
      "sharpe_net": -0.6025693666477565,
      "sharpe_gross": 0.09437548730878995,
      "perm_p": 0.9615192403798101,
      "perm_null_mean": -0.12464464269520795,
      "boot_meanR_ci": [
        -0.13814075032615167,
        0.03648789109529427
      ],
      "ttest_p": 0.23571007238850214,
      "is_sharpe": -0.9821357370394863,
      "oos_sharpe": -0.19041252632075747,
      "cost_sens": {
        "0x": {
          "sharpe": 0.09437548730878995,
          "avg_R": 0.04892673837192337,
          "cagr": 0.024513412807960933
        },
        "1x": {
          "sharpe": -0.6025693666477565,
          "avg_R": -0.05329047197371723,
          "cagr": -0.03266567748292648
        },
        "2x": {
          "sharpe": -1.2864566055705413,
          "avg_R": -0.15550768231936143,
          "cagr": -0.08668816676642932
        }
      },
      "dist": {
        "median_R": -1.0147235235796994,
        "mean_R": -0.05329047197371723,
        "top5_share": 0.07111096029756195,
        "top10_share": 0.12270312705324676
      }
    },
    "BTCUSD": {
      "n_trades": 131,
      "sharpe_net": -0.28423383651305917,
      "sharpe_gross": -0.1029599671660589,
      "perm_p": 0.8865567216391804,
      "perm_null_mean": 0.038441224811880545,
      "boot_meanR_ci": [
        -0.2848366436699697,
        0.2102642297046905
      ],
      "ttest_p": 0.7480108917053495,
      "is_sharpe": -0.13938654625441918,
      "oos_sharpe": -0.5321721243882513,
      "cost_sens": {
        "0x": {
          "sharpe": -0.1029599671660589,
          "avg_R": 0.026788843904322693,
          "cagr": 0.0018376093651342185
        },
        "1x": {
          "sharpe": -0.28423383651305917,
          "avg_R": -0.04118929390737916,
          "cagr": -0.018517158170403447
        },
        "2x": {
          "sharpe": -0.46515906898691994,
          "avg_R": -0.10916743171908096,
          "cagr": -0.03849144696869722
        }
      },
      "dist": {
        "median_R": -1.0203166262904457,
        "mean_R": -0.04118929390737916,
        "top5_share": 0.32454467318181923,
        "top10_share": 0.5470118625455098
      }
    },
    "SPX": {
      "n_trades": 47,
      "sharpe_net": 0.4238390453495327,
      "sharpe_gross": 0.45613621777338453,
      "perm_p": 0.92103948025987,
      "perm_null_mean": 0.6104432089276879,
      "boot_meanR_ci": [
        0.1527293083169999,
        1.4123458967513722
      ],
      "ttest_p": 0.024363002331735592,
      "is_sharpe": 0.3343599858685223,
      "oos_sharpe": 0.44745938400494517,
      "cost_sens": {
        "0x": {
          "sharpe": 0.45613621777338453,
          "avg_R": 0.7763771316944904,
          "cagr": 0.05203390948954212
        },
        "1x": {
          "sharpe": 0.4238390453495327,
          "avg_R": 0.7395286132580815,
          "cagr": 0.0494027480060828
        },
        "2x": {
          "sharpe": 0.3910229171714113,
          "avg_R": 0.702680094821671,
          "cagr": 0.04677538455941388
        }
      },
      "dist": {
        "median_R": -0.03433320881583615,
        "mean_R": 0.7395286132580815,
        "top5_share": 0.5310062772348225,
        "top10_share": 0.7635230381012873
      }
    },
    "NDX": {
      "n_trades": 61,
      "sharpe_net": 0.2549054907998787,
      "sharpe_gross": 0.2895569134760448,
      "perm_p": 0.993503248375812,
      "perm_null_mean": 0.683015970003676,
      "boot_meanR_ci": [
        -0.04581316222227591,
        0.9304191254592996
      ],
      "ttest_p": 0.08500576228638826,
      "is_sharpe": 0.46108747172378933,
      "oos_sharpe": 0.038508972271262445,
      "cost_sens": {
        "0x": {
          "sharpe": 0.2895569134760448,
          "avg_R": 0.4502399011412748,
          "cagr": 0.03850564217771302
        },
        "1x": {
          "sharpe": 0.2549054907998787,
          "avg_R": 0.42205538375263124,
          "cagr": 0.035918912927558555
        },
        "2x": {
          "sharpe": 0.21989058006171833,
          "avg_R": 0.3938708663639867,
          "cagr": 0.033337205939198755
        }
      },
      "dist": {
        "median_R": -0.03298985674359965,
        "mean_R": 0.42205538375263124,
        "top5_share": 0.4965636100653907,
        "top10_share": 0.7249385756776717
      }
    },
    "GBPUSD": {
      "n_trades": 194,
      "sharpe_net": -0.3929069176896924,
      "sharpe_gross": -0.194369096468366,
      "perm_p": 0.591704147926037,
      "perm_null_mean": -0.31751154096094514,
      "boot_meanR_ci": [
        -0.16575166410629882,
        0.11552687887583929
      ],
      "ttest_p": 0.759913995950983,
      "is_sharpe": -0.4228458888519809,
      "oos_sharpe": -0.4061565169297626,
      "cost_sens": {
        "0x": {
          "sharpe": -0.194369096468366,
          "avg_R": 0.024183197364450043,
          "cagr": 0.004653030919202994
        },
        "1x": {
          "sharpe": -0.3929069176896924,
          "avg_R": -0.022496484960330177,
          "cagr": -0.008568594506110916
        },
        "2x": {
          "sharpe": -0.5895056326325521,
          "avg_R": -0.06917616728510745,
          "cagr": -0.02162895183625768
        }
      },
      "dist": {
        "median_R": 0.8940024028486984,
        "mean_R": -0.022496484960330177,
        "top5_share": 0.051187354852783876,
        "top10_share": 0.10198797407383159
      }
    }
  },
  "grid": {
    "grid": {
      "XAUUSD": {
        "N2K2": -3.0999822387975624,
        "N2K3": -2.760397878436359,
        "N2K5": -2.9355689168794004,
        "N3K2": -2.4251828927970553,
        "N3K3": -2.331961759957958,
        "N3K5": -2.557812404919244
      },
      "BTCUSD": {
        "N2K2": -0.3830153036000922,
        "N2K3": -0.6799791467090766,
        "N2K5": -0.5085377226080128,
        "N3K2": -0.41489091335831485,
        "N3K3": -0.3980319106215727,
        "N3K5": -0.23551604817184185
      },
      "SPX": {
        "N2K2": 0.07520667570255564,
        "N2K3": 0.12437108243816397,
        "N2K5": 0.21472829915356084,
        "N3K2": -0.020556338485735876,
        "N3K3": 0.2333473647401734,
        "N3K5": 0.1335903109948559
      },
      "NDX": {
        "N2K2": 0.28357389276491535,
        "N2K3": 0.4447928482471709,
        "N2K5": 0.37112484160232073,
        "N3K2": 0.3962808011263129,
        "N3K3": 0.38508665116672774,
        "N3K5": 0.47040346870675404
      },
      "GBPUSD": {
        "N2K2": -1.74937008379678,
        "N2K3": -1.654461481465658,
        "N2K5": -1.4106285628791735,
        "N3K2": -1.0562497831325572,
        "N3K3": -0.9534297315618163,
        "N3K5": -0.8535037308278649
      }
    },
    "cells": 30
  },
  "n_trials": 30
}